c,h,l,n,o,t,v,vw
60732.1055,60732.1055,60696.4865,0,60696.4865,2024-05-01T00:00:00Z,0.0,0.0
60776.515,60776.515,60776.515,0,60776.515,2024-05-01T00:01:00Z,0.0,0.0
60706.2705,60741.85,60706.2705,0,60741.85,2024-05-01T00:02:00Z,0.0,0.0
60716.355,60729.785,60716.355,0,60729.785,2024-05-01T00:04:00Z,0.0,0.0
60737.4785,60737.4785,60737.4785,0,60737.4785,2024-05-01T00:05:00Z,0.0,0.0
60771.665,60771.665,60771.665,0,60771.665,2024-05-01T00:07:00Z,0.0,0.0
60811.832,60811.832,60811.832,0,60811.832,2024-05-01T00:08:00Z,0.0,0.0
60816.25,60816.25,60816.25,0,60816.25,2024-05-01T00:10:00Z,0.0,0.0
60743.1895,60793.945,60743.1895,0,60793.945,2024-05-01T00:12:00Z,0.0,0.0
60713.931,60713.931,60713.931,0,60713.931,2024-05-01T00:13:00Z,0.0,0.0
60613.3135,60742.61,60613.3135,0,60742.61,2024-05-01T00:14:00Z,0.0,0.0
60710.649,60710.649,60658.08,0,60658.08,2024-05-01T00:15:00Z,0.0,0.0
60645.5005,60685.15,60645.5005,0,60685.15,2024-05-01T00:16:00Z,0.0,0.0
60621.9755,60622.6,60578.405,0,60622.6,2024-05-01T00:17:00Z,0.0,0.0
60587.6505,60587.6505,60587.6505,0,60587.6505,2024-05-01T00:18:00Z,0.0,0.0
60548.4055,60548.4055,60548.4055,0,60548.4055,2024-05-01T00:19:00Z,0.0,0.0
60531.41,60531.41,60531.41,0,60531.41,2024-05-01T00:20:00Z,0.0,0.0
60485.846,60485.846,60485.846,0,60485.846,2024-05-01T00:22:00Z,0.0,0.0
60552.684,60552.684,60523.05,0,60523.05,2024-05-01T00:23:00Z,0.0,0.0
60546.88,60578.175,60546.88,0,60578.175,2024-05-01T00:24:00Z,0.0,0.0
60488.886,60514.17,60488.886,0,60514.17,2024-05-01T00:27:00Z,0.0,0.0
60457.3175,60457.3175,60457.3175,0,60457.3175,2024-05-01T00:28:00Z,0.0,0.0
60418.285,60435.1855,60404.696,0,60435.1855,2024-05-01T00:29:00Z,0.0,0.0
60191.6,60387.271,60191.6,0,60387.271,2024-05-01T00:31:00Z,0.0,0.0
60082.1,60217.5625,60082.1,0,60217.5625,2024-05-01T00:32:00Z,0.0,0.0
60224.493,60224.493,60116.595,0,60116.595,2024-05-01T00:33:00Z,0.0,0.0
60291.795,60291.795,60250.0,0,60250.0,2024-05-01T00:34:00Z,0.0,0.0
60392.975,60393.395,60340.57,0,60340.57,2024-05-01T00:35:00Z,0.0,0.0
60276.5465,60368.3805,60276.5465,0,60368.3805,2024-05-01T00:36:00Z,0.0,0.0
60345.75,60345.75,60313.2995,0,60313.2995,2024-05-01T00:37:00Z,0.0,0.0
60336.945,60365.5,60336.945,0,60365.5,2024-05-01T00:38:00Z,0.0,0.0
60312.736,60319.316,60280.365,0,60319.316,2024-05-01T00:39:00Z,0.0,0.0
60244.1,60273.14,60244.1,0,60273.14,2024-05-01T00:40:00Z,0.0,0.0
60230.2875,60230.2875,60205.1,0,60205.1,2024-05-01T00:41:00Z,0.0,0.0
60316.6095,60316.6095,60277.623,0,60277.623,2024-05-01T00:42:00Z,0.0,0.0
60302.755,60302.755,60262.22,0,60262.22,2024-05-01T00:43:00Z,0.0,0.0
60366.2,60366.2,60329.3,0,60329.3,2024-05-01T00:44:00Z,0.0,0.0
60398.4495,60398.4495,60398.4495,0,60398.4495,2024-05-01T00:45:00Z,0.0,0.0
60385.125,60436.95,60385.125,0,60436.95,2024-05-01T00:46:00Z,0.0,0.0
60374.76,60374.76,60374.76,0,60374.76,2024-05-01T00:47:00Z,0.0,0.0
60345.864,60345.864,60345.864,0,60345.864,2024-05-01T00:49:00Z,0.0,0.0
60276.335,60311.615,60276.335,0,60311.615,2024-05-01T00:50:00Z,0.0,0.0
60279.77,60279.77,60279.77,0,60279.77,2024-05-01T00:51:00Z,0.0,0.0
60269.3825,60269.3825,60215.82,0,60261.115,2024-05-01T00:52:00Z,0.0,0.0
60215.4415,60258.04,60215.4415,0,60258.04,2024-05-01T00:53:00Z,0.0,0.0
60224.61,60247.37,60181.337,0,60181.337,2024-05-01T00:54:00Z,0.0,0.0
60213.705,60213.705,60213.705,0,60213.705,2024-05-01T00:55:00Z,0.0,0.0
60210.9,60258.085,60210.9,0,60258.085,2024-05-01T00:56:00Z,0.0,0.0
60216.927,60249.525,60216.927,0,60249.525,2024-05-01T00:57:00Z,0.0,0.0
60242.9165,60242.9165,60242.9165,0,60242.9165,2024-05-01T00:58:00Z,0.0,0.0
60214.005,60214.005,60214.005,0,60214.005,2024-05-01T01:01:00Z,0.0,0.0
60256.97,60256.97,60256.97,0,60256.97,2024-05-01T01:03:00Z,0.0,0.0
60315.7,60315.7,60286.419,0,60286.419,2024-05-01T01:04:00Z,0.0,0.0
60246.3,60279.0395,60246.3,0,60279.0395,2024-05-01T01:05:00Z,0.0,0.0
60179.61,60225.19,60179.61,0,60225.19,2024-05-01T01:06:00Z,0.0,0.0
60103.835,60139.366,60103.835,0,60139.366,2024-05-01T01:07:00Z,0.0,0.0
60112.589,60149.635,60112.589,0,60149.635,2024-05-01T01:08:00Z,0.0,0.0
59965.69,60082.795,59933.85,0,60082.795,2024-05-01T01:09:00Z,0.0,0.0
59962.565,59991.805,59962.565,0,59991.805,2024-05-01T01:10:00Z,0.0,0.0
60054.0905,60054.0905,59988.0,0,59988.0,2024-05-01T01:11:00Z,0.0,0.0
60023.5775,60023.5775,60023.5775,0,60023.5775,2024-05-01T01:12:00Z,0.0,0.0
59955.185,60094.795,59955.185,0,60064.701,2024-05-01T01:13:00Z,0.0,0.0
59884.6265,59957.6375,59884.6265,0,59915.8,2024-05-01T01:14:00Z,0.0,0.0
59915.6,59915.6,59915.6,0,59915.6,2024-05-01T01:15:00Z,0.0,0.0
59914.825,59959.9735,59880.97,0,59959.9735,2024-05-01T01:16:00Z,0.0,0.0
59915.85,59915.85,59887.131,0,59887.131,2024-05-01T01:17:00Z,0.0,0.0
59913.42,59948.745,59913.42,0,59948.745,2024-05-01T01:18:00Z,0.0,0.0
59985.15,59985.15,59936.9055,0,59936.9055,2024-05-01T01:19:00Z,0.0,0.0
60220.3985,60220.3985,60039.02,0,60039.02,2024-05-01T01:20:00Z,0.0,0.0
60257.553,60257.553,60225.065,0,60246.48,2024-05-01T01:21:00Z,0.0,0.0
60215.3,60215.3,60215.3,0,60215.3,2024-05-01T01:22:00Z,0.0,0.0
60292.3,60292.3,60265.2385,0,60265.2385,2024-05-01T01:23:00Z,0.0,0.0
60287.733,60287.733,60264.455,0,60264.455,2024-05-01T01:24:00Z,0.0,0.0
60286.552,60316.795,60286.552,0,60316.795,2024-05-01T01:25:00Z,0.0,0.0
60274.309,60274.309,60239.8595,0,60239.8595,2024-05-01T01:26:00Z,0.0,0.0
60247.995,60247.995,60247.995,0,60247.995,2024-05-01T01:28:00Z,0.0,0.0
60293.585,60293.585,60293.585,0,60293.585,2024-05-01T01:29:00Z,0.0,0.0
60353.611,60353.611,60329.935,0,60329.935,2024-05-01T01:31:00Z,0.0,0.0
60355.258,60396.715,60355.258,0,60396.715,2024-05-01T01:32:00Z,0.0,0.0
60360.035,60360.035,60329.5855,0,60329.5855,2024-05-01T01:33:00Z,0.0,0.0
60316.0425,60316.0425,60316.0425,0,60316.0425,2024-05-01T01:35:00Z,0.0,0.0
60393.815,60393.815,60352.2855,0,60352.2855,2024-05-01T01:38:00Z,0.0,0.0
60349.664,60349.664,60349.664,0,60349.664,2024-05-01T01:40:00Z,0.0,0.0
60325.1605,60325.1605,60325.1605,0,60325.1605,2024-05-01T01:41:00Z,0.0,0.0
60356.3085,60356.3085,60356.3085,0,60356.3085,2024-05-01T01:42:00Z,0.0,0.0
60316.892,60326.6,60316.892,0,60326.6,2024-05-01T01:43:00Z,0.0,0.0
60235.08,60269.35,60235.08,0,60269.35,2024-05-01T01:44:00Z,0.0,0.0
60141.5685,60218.4,60141.5685,0,60218.4,2024-05-01T01:45:00Z,0.0,0.0
60191.937,60191.937,60167.456,0,60167.456,2024-05-01T01:46:00Z,0.0,0.0
60233.33,60233.33,60233.33,0,60233.33,2024-05-01T01:47:00Z,0.0,0.0
60167.145,60227.175,60132.75,0,60227.175,2024-05-01T01:49:00Z,0.0,0.0
60203.85,60203.85,60203.85,0,60203.85,2024-05-01T01:52:00Z,0.0,0.0
60124.418,60180.3,60124.418,0,60180.3,2024-05-01T01:54:00Z,0.0,0.0
60056.491,60096.081,60056.491,0,60096.081,2024-05-01T01:57:00Z,0.0,0.0
60128.495,60128.495,60094.8,0,60094.8,2024-05-01T01:58:00Z,0.0,0.0
60152.57,60152.57,60152.57,0,60152.57,2024-05-01T01:59:00Z,0.0,0.0
60119.47,60119.47,60119.47,0,60119.47,2024-05-01T02:01:00Z,0.0,0.0
60092.192,60092.192,60092.192,0,60092.192,2024-05-01T02:02:00Z,0.0,0.0
59970.495,60072.235,59970.495,0,60072.235,2024-05-01T02:03:00Z,0.0,0.0
60005.9125,60005.9125,60005.9125,0,60005.9125,2024-05-01T02:04:00Z,0.0,0.0
59990.0425,60019.637,59990.0425,0,60019.637,2024-05-01T02:05:00Z,0.0,0.0
59942.4785,59942.4785,59942.4785,0,59942.4785,2024-05-01T02:06:00Z,0.0,0.0
59885.05,59913.255,59885.05,0,59913.255,2024-05-01T02:08:00Z,0.0,0.0
59796.315,59858.761,59796.315,0,59858.761,2024-05-01T02:09:00Z,0.0,0.0
59757.19,59757.19,59757.19,0,59757.19,2024-05-01T02:10:00Z,0.0,0.0
59721.15,59795.181,59721.15,0,59795.181,2024-05-01T02:11:00Z,0.0,0.0
59656.395,59702.718,59651.231,0,59693.75,2024-05-01T02:12:00Z,0.0,0.0
59629.1,59629.1,59629.1,0,59629.1,2024-05-01T02:13:00Z,0.0,0.0
59616.7615,59655.378,59616.7615,0,59655.378,2024-05-01T02:14:00Z,0.0,0.0
59722.0,59722.0,59639.66,0,59639.66,2024-05-01T02:15:00Z,0.0,0.0
59777.885,59777.885,59742.124,0,59742.124,2024-05-01T02:16:00Z,0.0,0.0
59838.355,59838.355,59817.315,0,59817.315,2024-05-01T02:17:00Z,0.0,0.0
59845.0875,59845.0875,59798.503,0,59798.503,2024-05-01T02:18:00Z,0.0,0.0
59811.635,59811.635,59811.635,0,59811.635,2024-05-01T02:19:00Z,0.0,0.0
59711.15,59771.441,59711.15,0,59771.441,2024-05-01T02:20:00Z,0.0,0.0
59688.2,59688.2,59688.2,0,59688.2,2024-05-01T02:21:00Z,0.0,0.0
59627.586,59650.0685,59627.586,0,59650.0685,2024-05-01T02:23:00Z,0.0,0.0
59760.1,59760.1,59648.02,0,59648.02,2024-05-01T02:24:00Z,0.0,0.0
59764.882,59764.882,59747.35,0,59747.35,2024-05-01T02:25:00Z,0.0,0.0
59801.7,59801.7,59801.7,0,59801.7,2024-05-01T02:26:00Z,0.0,0.0
59752.95,59780.368,59702.05,0,59780.368,2024-05-01T02:27:00Z,0.0,0.0
59799.4045,59828.9445,59768.1035,0,59768.1035,2024-05-01T02:30:00Z,0.0,0.0
59784.819,59784.819,59784.819,0,59784.819,2024-05-01T02:31:00Z,0.0,0.0
59803.526,59803.526,59803.526,0,59803.526,2024-05-01T02:32:00Z,0.0,0.0
59781.474,59781.474,59781.474,0,59781.474,2024-05-01T02:33:00Z,0.0,0.0
59699.5185,59741.4105,59699.5185,0,59741.4105,2024-05-01T02:34:00Z,0.0,0.0
59739.78,59739.78,59666.307,0,59666.307,2024-05-01T02:36:00Z,0.0,0.0
59784.332,59784.332,59784.332,0,59784.332,2024-05-01T02:37:00Z,0.0,0.0
59817.6045,59817.6045,59817.6045,0,59817.6045,2024-05-01T02:38:00Z,0.0,0.0
59819.05,59819.05,59819.05,0,59819.05,2024-05-01T02:39:00Z,0.0,0.0
59849.813,59849.813,59849.813,0,59849.813,2024-05-01T02:40:00Z,0.0,0.0
59942.615,59942.615,59887.52,0,59887.52,2024-05-01T02:41:00Z,0.0,0.0
59904.025,59904.025,59904.025,0,59904.025,2024-05-01T02:43:00Z,0.0,0.0
59823.905,59891.2655,59823.905,0,59891.2655,2024-05-01T02:44:00Z,0.0,0.0
59849.9925,59849.9925,59849.9925,0,59849.9925,2024-05-01T02:45:00Z,0.0,0.0
59888.35,59888.35,59888.35,0,59888.35,2024-05-01T02:46:00Z,0.0,0.0
59908.995,59908.995,59908.995,0,59908.995,2024-05-01T02:50:00Z,0.0,0.0
59941.305,59941.305,59941.305,0,59941.305,2024-05-01T02:51:00Z,0.0,0.0
59915.7265,59915.7265,59915.7265,0,59915.7265,2024-05-01T02:52:00Z,0.0,0.0
59847.565,59878.0725,59847.565,0,59878.0725,2024-05-01T02:53:00Z,0.0,0.0
59893.3725,59893.3725,59893.3725,0,59893.3725,2024-05-01T02:55:00Z,0.0,0.0
59955.6595,59955.6595,59928.356,0,59928.356,2024-05-01T02:56:00Z,0.0,0.0
59980.3355,59980.3355,59980.3355,0,59980.3355,2024-05-01T02:57:00Z,0.0,0.0
59918.055,59963.507,59918.055,0,59963.507,2024-05-01T02:58:00Z,0.0,0.0
59948.1,59948.1,59948.1,0,59948.1,2024-05-01T03:01:00Z,0.0,0.0
60054.8475,60054.8475,59983.188,0,59983.188,2024-05-01T03:02:00Z,0.0,0.0
60007.515,60038.3645,60007.515,0,60038.3645,2024-05-01T03:03:00Z,0.0,0.0
59963.0955,59963.0955,59963.0955,0,59963.0955,2024-05-01T03:04:00Z,0.0,0.0
60009.4445,60009.4445,60009.4445,0,60009.4445,2024-05-01T03:05:00Z,0.0,0.0
60043.2955,60043.2955,60043.2955,0,60043.2955,2024-05-01T03:06:00Z,0.0,0.0
60009.5815,60009.5815,60009.5815,0,60009.5815,2024-05-01T03:07:00Z,0.0,0.0
60035.39,60035.39,60035.39,0,60035.39,2024-05-01T03:08:00Z,0.0,0.0
60041.8705,60041.8705,60041.8705,0,60041.8705,2024-05-01T03:09:00Z,0.0,0.0
60075.65,60075.65,60075.65,0,60075.65,2024-05-01T03:11:00Z,0.0,0.0
60073.579,60096.0,60073.579,0,60096.0,2024-05-01T03:12:00Z,0.0,0.0
60039.25,60039.25,60039.25,0,60039.25,2024-05-01T03:15:00Z,0.0,0.0
60046.65,60101.655,60046.65,0,60053.572,2024-05-01T03:18:00Z,0.0,0.0
60100.728,60100.728,60100.728,0,60100.728,2024-05-01T03:21:00Z,0.0,0.0
60068.485,60068.485,60068.485,0,60068.485,2024-05-01T03:28:00Z,0.0,0.0
60025.619,60046.595,60025.619,0,60046.595,2024-05-01T03:29:00Z,0.0,0.0
60050.05,60050.05,60050.05,0,60050.05,2024-05-01T03:30:00Z,0.0,0.0
60089.0,60089.0,60063.3805,0,60063.3805,2024-05-01T03:33:00Z,0.0,0.0
60093.8,60093.8,60093.8,0,60093.8,2024-05-01T03:37:00Z,0.0,0.0
60152.695,60152.695,60152.695,0,60152.695,2024-05-01T03:38:00Z,0.0,0.0
60173.795,60173.795,60173.795,0,60173.795,2024-05-01T03:39:00Z,0.0,0.0
60204.895,60204.895,60204.895,0,60204.895,2024-05-01T03:41:00Z,0.0,0.0
60228.49,60228.49,60228.49,0,60228.49,2024-05-01T03:42:00Z,0.0,0.0
60193.03,60193.03,60193.03,0,60193.03,2024-05-01T03:43:00Z,0.0,0.0
60144.171,60172.89,60144.171,0,60172.89,2024-05-01T03:45:00Z,0.0,0.0
60161.3,60161.3,60161.3,0,60161.3,2024-05-01T03:48:00Z,0.0,0.0
60177.35,60177.35,60177.35,0,60177.35,2024-05-01T03:50:00Z,0.0,0.0
60222.1985,60222.1985,60222.1985,0,60222.1985,2024-05-01T03:51:00Z,0.0,0.0
60270.2885,60270.2885,60244.7265,0,60244.7265,2024-05-01T03:52:00Z,0.0,0.0
60292.85,60292.85,60292.85,0,60292.85,2024-05-01T03:57:00Z,0.0,0.0
60264.021,60264.021,60264.021,0,60264.021,2024-05-01T03:58:00Z,0.0,0.0
60232.65,60232.65,60232.65,0,60232.65,2024-05-01T04:00:00Z,0.0,0.0
60258.735,60258.735,60258.735,0,60258.735,2024-05-01T04:01:00Z,0.0,0.0
60308.55,60308.55,60308.55,0,60308.55,2024-05-01T04:03:00Z,0.0,0.0
60348.6,60348.6,60348.6,0,60348.6,2024-05-01T04:04:00Z,0.0,0.0
60301.75,60301.75,60301.75,0,60301.75,2024-05-01T04:05:00Z,0.0,0.0
60274.75,60274.75,60274.75,0,60274.75,2024-05-01T04:06:00Z,0.0,0.0
60263.785,60309.435,60263.785,0,60309.435,2024-05-01T04:08:00Z,0.0,0.0
60230.2495,60230.2495,60230.2495,0,60230.2495,2024-05-01T04:10:00Z,0.0,0.0
60268.91,60268.91,60268.91,0,60268.91,2024-05-01T04:12:00Z,0.0,0.0
60299.903,60332.7,60299.903,0,60306.05,2024-05-01T04:13:00Z,0.0,0.0
60271.331,60271.331,60271.331,0,60271.331,2024-05-01T04:15:00Z,0.0,0.0
60297.694,60297.694,60297.694,0,60297.694,2024-05-01T04:16:00Z,0.0,0.0
60282.5805,60282.5805,60282.5805,0,60282.5805,2024-05-01T04:18:00Z,0.0,0.0
60291.923,60291.923,60291.923,0,60291.923,2024-05-01T04:19:00Z,0.0,0.0
60241.475,60277.852,60241.475,0,60277.852,2024-05-01T04:26:00Z,0.0,0.0
60209.7885,60209.7885,60209.7885,0,60209.7885,2024-05-01T04:27:00Z,0.0,0.0
60246.15,60246.15,60246.15,0,60246.15,2024-05-01T04:30:00Z,0.0,0.0
60251.125,60279.455,60251.125,0,60279.455,2024-05-01T04:31:00Z,0.0,0.0
60277.66,60277.66,60277.66,0,60277.66,2024-05-01T04:33:00Z,0.0,0.0
60307.49,60307.49,60307.49,0,60307.49,2024-05-01T04:38:00Z,0.0,0.0
60242.715,60279.1885,60242.715,0,60279.1885,2024-05-01T04:41:00Z,0.0,0.0
60270.0905,60270.0905,60270.0905,0,60270.0905,2024-05-01T04:42:00Z,0.0,0.0
60271.8145,60271.8145,60231.533,0,60231.533,2024-05-01T04:47:00Z,0.0,0.0
60280.95,60280.95,60280.95,0,60280.95,2024-05-01T04:48:00Z,0.0,0.0
60261.553,60261.553,60261.553,0,60261.553,2024-05-01T04:50:00Z,0.0,0.0
60206.46,60206.46,60206.46,0,60206.46,2024-05-01T04:52:00Z,0.0,0.0
60240.966,60240.966,60240.966,0,60240.966,2024-05-01T04:53:00Z,0.0,0.0
60272.31,60272.31,60272.31,0,60272.31,2024-05-01T04:54:00Z,0.0,0.0
60321.09,60321.09,60321.09,0,60321.09,2024-05-01T04:55:00Z,0.0,0.0
60273.639,60273.639,60273.639,0,60273.639,2024-05-01T04:58:00Z,0.0,0.0
60315.235,60315.235,60315.235,0,60315.235,2024-05-01T05:00:00Z,0.0,0.0
60263.55,60263.55,60263.55,0,60263.55,2024-05-01T05:08:00Z,0.0,0.0
60216.084,60231.64,60216.084,0,60231.64,2024-05-01T05:11:00Z,0.0,0.0
60169.534,60174.0865,60141.825,0,60174.0865,2024-05-01T05:12:00Z,0.0,0.0
60175.205,60216.65,60175.205,0,60216.65,2024-05-01T05:15:00Z,0.0,0.0
60145.423,60145.423,60145.423,0,60145.423,2024-05-01T05:16:00Z,0.0,0.0
60145.9565,60192.5,60145.9565,0,60192.5,2024-05-01T05:17:00Z,0.0,0.0
60176.9105,60176.9105,60176.9105,0,60176.9105,2024-05-01T05:19:00Z,0.0,0.0
60145.05,60145.05,60145.05,0,60145.05,2024-05-01T05:21:00Z,0.0,0.0
60124.54,60124.54,60124.54,0,60124.54,2024-05-01T05:22:00Z,0.0,0.0
60087.6855,60087.6855,60087.6855,0,60087.6855,2024-05-01T05:23:00Z,0.0,0.0
60115.209,60115.209,60115.209,0,60115.209,2024-05-01T05:24:00Z,0.0,0.0
60078.8915,60078.8915,60078.8915,0,60078.8915,2024-05-01T05:25:00Z,0.0,0.0
60028.9215,60050.835,60028.9215,0,60050.835,2024-05-01T05:27:00Z,0.0,0.0
60042.886,60042.886,60042.886,0,60042.886,2024-05-01T05:28:00Z,0.0,0.0
60055.782,60055.782,60011.55,0,60011.55,2024-05-01T05:29:00Z,0.0,0.0
60010.145,60010.145,60010.145,0,60010.145,2024-05-01T05:31:00Z,0.0,0.0
60056.98,60056.98,60056.98,0,60056.98,2024-05-01T05:33:00Z,0.0,0.0
60080.971,60080.971,60080.971,0,60080.971,2024-05-01T05:34:00Z,0.0,0.0
60145.627,60145.627,60103.334,0,60103.334,2024-05-01T05:35:00Z,0.0,0.0
60209.9035,60240.2,60184.386,0,60184.386,2024-05-01T05:36:00Z,0.0,0.0
60171.6665,60171.6665,60171.6665,0,60171.6665,2024-05-01T05:38:00Z,0.0,0.0
60137.65,60137.65,60137.65,0,60137.65,2024-05-01T05:41:00Z,0.0,0.0
60042.377,60119.1145,60042.377,0,60119.1145,2024-05-01T05:42:00Z,0.0,0.0
60054.655,60067.816,60054.655,0,60067.816,2024-05-01T05:43:00Z,0.0,0.0
59953.745,60007.559,59953.745,0,60007.559,2024-05-01T05:45:00Z,0.0,0.0
60038.2305,60038.2305,59967.95,0,59967.95,2024-05-01T05:46:00Z,0.0,0.0
60038.616,60038.616,60022.496,0,60022.496,2024-05-01T05:47:00Z,0.0,0.0
59994.826,59994.826,59994.826,0,59994.826,2024-05-01T05:48:00Z,0.0,0.0
60015.495,60015.495,59982.52,0,59982.52,2024-05-01T05:50:00Z,0.0,0.0
60008.4625,60037.245,60008.4625,0,60037.245,2024-05-01T05:51:00Z,0.0,0.0
60014.05,60014.05,59973.41,0,59973.41,2024-05-01T05:53:00Z,0.0,0.0
60043.0,60043.0,60043.0,0,60043.0,2024-05-01T05:57:00Z,0.0,0.0
60000.114,60000.114,60000.114,0,60000.114,2024-05-01T05:58:00Z,0.0,0.0
60052.325,60052.325,60052.325,0,60052.325,2024-05-01T05:59:00Z,0.0,0.0
60051.1795,60091.634,60051.1795,0,60055.9815,2024-05-01T06:00:00Z,0.0,0.0
60041.4,60041.4,60022.885,0,60022.885,2024-05-01T06:02:00Z,0.0,0.0
60005.041,60005.041,60005.041,0,60005.041,2024-05-01T06:03:00Z,0.0,0.0
59974.4075,59974.4075,59974.4075,0,59974.4075,2024-05-01T06:05:00Z,0.0,0.0
59904.128,59939.2055,59904.128,0,59939.2055,2024-05-01T06:06:00Z,0.0,0.0
60002.202,60002.202,59928.04,0,59928.04,2024-05-01T06:08:00Z,0.0,0.0
59973.9,59973.9,59973.9,0,59973.9,2024-05-01T06:09:00Z,0.0,0.0
59947.985,59947.985,59947.985,0,59947.985,2024-05-01T06:14:00Z,0.0,0.0
59951.45,59951.45,59913.825,0,59913.825,2024-05-01T06:16:00Z,0.0,0.0
59977.7655,59977.7655,59977.7655,0,59977.7655,2024-05-01T06:18:00Z,0.0,0.0
59943.785,59943.785,59943.785,0,59943.785,2024-05-01T06:20:00Z,0.0,0.0
59914.581,59914.581,59891.9595,0,59912.4075,2024-05-01T06:21:00Z,0.0,0.0
59885.4565,59885.4565,59885.4565,0,59885.4565,2024-05-01T06:23:00Z,0.0,0.0
59892.5,59909.91,59892.5,0,59909.91,2024-05-01T06:24:00Z,0.0,0.0
59849.35,59849.35,59849.35,0,59849.35,2024-05-01T06:25:00Z,0.0,0.0
59792.0115,59828.085,59792.0115,0,59828.085,2024-05-01T06:26:00Z,0.0,0.0
59717.08,59762.565,59717.08,0,59762.565,2024-05-01T06:27:00Z,0.0,0.0
59801.015,59801.015,59757.479,0,59757.479,2024-05-01T06:28:00Z,0.0,0.0
59726.937,59748.4435,59726.937,0,59748.4435,2024-05-01T06:29:00Z,0.0,0.0
59760.44,59760.44,59760.44,0,59760.44,2024-05-01T06:30:00Z,0.0,0.0
59659.61,59731.095,59659.61,0,59731.095,2024-05-01T06:31:00Z,0.0,0.0
59667.425,59667.425,59641.995,0,59641.995,2024-05-01T06:33:00Z,0.0,0.0
59707.056,59707.056,59707.056,0,59707.056,2024-05-01T06:34:00Z,0.0,0.0
59754.525,59754.525,59733.24,0,59733.24,2024-05-01T06:35:00Z,0.0,0.0
59729.689,59729.689,59729.689,0,59729.689,2024-05-01T06:36:00Z,0.0,0.0
59754.6395,59754.6395,59754.6395,0,59754.6395,2024-05-01T06:37:00Z,0.0,0.0
59789.091,59789.091,59789.091,0,59789.091,2024-05-01T06:38:00Z,0.0,0.0
59788.185,59815.685,59788.185,0,59815.685,2024-05-01T06:39:00Z,0.0,0.0
59804.975,59804.975,59753.888,0,59753.888,2024-05-01T06:40:00Z,0.0,0.0
59826.227,59826.227,59826.227,0,59826.227,2024-05-01T06:42:00Z,0.0,0.0
59765.7855,59781.4345,59765.7855,0,59781.4345,2024-05-01T06:46:00Z,0.0,0.0
59718.625,59718.625,59718.625,0,59718.625,2024-05-01T06:47:00Z,0.0,0.0
59689.456,59689.456,59689.456,0,59689.456,2024-05-01T06:49:00Z,0.0,0.0
59699.41,59733.305,59699.41,0,59733.305,2024-05-01T06:53:00Z,0.0,0.0
59674.5015,59674.5015,59674.5015,0,59674.5015,2024-05-01T06:54:00Z,0.0,0.0
59592.2905,59655.555,59592.2905,0,59616.8,2024-05-01T06:55:00Z,0.0,0.0
59665.325,59665.325,59631.178,0,59631.178,2024-05-01T06:56:00Z,0.0,0.0
59607.97,59632.22,59607.97,0,59632.22,2024-05-01T06:57:00Z,0.0,0.0
59625.544,59625.544,59625.544,0,59625.544,2024-05-01T06:58:00Z,0.0,0.0
59540.925,59617.43,59512.185,1,59593.332,2024-05-01T06:59:00Z,0.001,59617.43
59460.4,59518.775,59460.4,0,59518.775,2024-05-01T07:00:00Z,0.0,0.0
59415.48,59475.8525,59389.6615,0,59475.8525,2024-05-01T07:01:00Z,0.0,0.0
59379.975,59379.975,59379.975,0,59379.975,2024-05-01T07:02:00Z,0.0,0.0
59363.552,59423.9725,59363.552,0,59423.9725,2024-05-01T07:03:00Z,0.0,0.0
59329.82,59329.82,59329.82,0,59329.82,2024-05-01T07:04:00Z,0.0,0.0
59236.1,59297.32,59153.2275,0,59297.32,2024-05-01T07:05:00Z,0.0,0.0
59145.34,59202.44,59124.415,0,59202.44,2024-05-01T07:06:00Z,0.0,0.0
59057.4,59142.905,59051.885,0,59105.2275,2024-05-01T07:07:00Z,0.0,0.0
58407.45,59016.55,58407.45,0,59016.55,2024-05-01T07:08:00Z,0.0,0.0
58436.925,58456.5475,58240.855,0,58376.2815,2024-05-01T07:09:00Z,0.0,0.0
58565.0625,58585.737,58409.153,0,58475.977,2024-05-01T07:10:00Z,0.0,0.0
58426.355,58536.6,58391.857,0,58526.84,2024-05-01T07:11:00Z,0.0,0.0
58622.6,58622.6,58441.3345,0,58470.223,2024-05-01T07:12:00Z,0.0,0.0
58600.2555,58720.915,58600.2555,0,58642.2805,2024-05-01T07:13:00Z,0.0,0.0
58517.8525,58583.5,58517.8525,0,58561.685,2024-05-01T07:14:00Z,0.0,0.0
58442.155,58487.59,58350.595,0,58487.59,2024-05-01T07:15:00Z,0.0,0.0
58611.3265,58636.619,58411.7,0,58411.7,2024-05-01T07:16:00Z,0.0,0.0
58528.904,58571.0085,58398.2835,0,58571.0085,2024-05-01T07:17:00Z,0.0,0.0
58417.149,58502.932,58379.72,0,58502.932,2024-05-01T07:18:00Z,0.0,0.0
58423.935,58423.935,58301.84,0,58381.2105,2024-05-01T07:19:00Z,0.0,0.0
58313.0795,58385.07,58313.0795,0,58385.07,2024-05-01T07:20:00Z,0.0,0.0
58401.957,58401.957,58291.6975,0,58291.6975,2024-05-01T07:21:00Z,0.0,0.0
58275.0975,58368.5205,58275.0975,0,58368.5205,2024-05-01T07:22:00Z,0.0,0.0
58193.663,58257.404,58167.256,0,58222.2425,2024-05-01T07:23:00Z,0.0,0.0
58204.0,58257.885,58160.2765,0,58160.2765,2024-05-01T07:24:00Z,0.0,0.0
58001.62,58163.192,57912.901,0,58163.192,2024-05-01T07:25:00Z,0.0,0.0
57907.1925,58027.075,57558.192,0,58027.075,2024-05-01T07:26:00Z,0.0,0.0
57873.833,58001.6,57693.99,0,57916.849,2024-05-01T07:27:00Z,0.0,0.0
57883.44,58020.375,57844.3,0,57894.8655,2024-05-01T07:28:00Z,0.0,0.0
57972.398,57972.398,57914.931,0,57914.931,2024-05-01T07:29:00Z,0.0,0.0
58042.62,58130.9,57870.7,1,57952.7035,2024-05-01T07:30:00Z,0.001,57870.7
57822.465,58001.45,57795.85,0,58001.45,2024-05-01T07:31:00Z,0.0,0.0
57806.3595,57806.3595,57642.1785,1,57802.034,2024-05-01T07:32:00Z,0.001,57723.371
57794.5185,57821.257,57694.299,0,57759.553,2024-05-01T07:33:00Z,0.0,0.0
57587.74,57754.595,57546.057,0,57754.595,2024-05-01T07:34:00Z,0.0,0.0
57310.3885,57746.34,57310.3885,0,57613.5515,2024-05-01T07:35:00Z,0.0,0.0
57117.7035,57385.7,57108.751,0,57329.725,2024-05-01T07:36:00Z,0.0,0.0
57297.1,57492.08,57154.6765,0,57154.6765,2024-05-01T07:37:00Z,0.0,0.0
57568.451,57568.451,57290.736,0,57328.275,2024-05-01T07:38:00Z,0.0,0.0
57399.958,57538.595,57361.855,0,57529.264,2024-05-01T07:39:00Z,0.0,0.0
57687.4255,57687.4255,57426.5085,0,57426.5085,2024-05-01T07:40:00Z,0.0,0.0
57723.9505,57780.03,57702.197,0,57751.79,2024-05-01T07:41:00Z,0.0,0.0
57742.3065,57774.77,57740.9845,0,57740.9845,2024-05-01T07:42:00Z,0.0,0.0
57671.4315,57756.785,57665.9565,0,57706.85,2024-05-01T07:43:00Z,0.0,0.0
57713.9,57713.9,57576.3015,0,57691.428,2024-05-01T07:44:00Z,0.0,0.0
57812.195,57920.6955,57682.8775,0,57682.8775,2024-05-01T07:45:00Z,0.0,0.0
57714.5,57881.195,57714.5,0,57793.2605,2024-05-01T07:46:00Z,0.0,0.0
57654.17,57714.9375,57654.17,0,57681.859,2024-05-01T07:47:00Z,0.0,0.0
57666.45,57671.92,57594.875,0,57671.92,2024-05-01T07:48:00Z,0.0,0.0
57689.65,57689.65,57619.1035,0,57632.3,2024-05-01T07:49:00Z,0.0,0.0
57691.6465,57691.6465,57657.1,0,57657.1,2024-05-01T07:50:00Z,0.0,0.0
57621.13,57650.175,57583.0225,0,57650.175,2024-05-01T07:51:00Z,0.0,0.0
57536.35,57605.146,57517.31,0,57594.5185,2024-05-01T07:52:00Z,0.0,0.0
57562.358,57571.3755,57448.25,0,57571.3755,2024-05-01T07:53:00Z,0.0,0.0
57659.3805,57659.3805,57542.325,0,57542.325,2024-05-01T07:54:00Z,0.0,0.0
57632.626,57691.25,57632.626,0,57688.3365,2024-05-01T07:55:00Z,0.0,0.0
57652.0675,57664.105,57617.6685,0,57664.105,2024-05-01T07:56:00Z,0.0,0.0
57498.6895,57632.14,57498.6895,0,57632.14,2024-05-01T07:57:00Z,0.0,0.0
57453.15,57453.15,57453.15,0,57453.15,2024-05-01T07:58:00Z,0.0,0.0
57482.045,57482.045,57361.735,0,57414.935,2024-05-01T07:59:00Z,0.0,0.0
57467.205,57467.205,57301.0535,0,57462.45,2024-05-01T08:00:00Z,0.0,0.0
57530.8395,57530.8395,57442.755,0,57442.755,2024-05-01T08:01:00Z,0.0,0.0
57442.73,57571.19,57423.9065,0,57539.329,2024-05-01T08:02:00Z,0.0,0.0
57337.185,57501.9575,57292.465,0,57464.405,2024-05-01T08:03:00Z,0.0,0.0
57237.6095,57294.725,57194.045,0,57294.725,2024-05-01T08:04:00Z,0.0,0.0
57320.9515,57320.9515,57145.473,0,57206.1235,2024-05-01T08:05:00Z,0.0,0.0
57126.9,57292.6435,57126.9,0,57292.6435,2024-05-01T08:06:00Z,0.0,0.0
57070.1,57190.9195,57002.7295,0,57156.195,2024-05-01T08:07:00Z,0.0,0.0
57124.05,57254.15,57105.7145,0,57112.43,2024-05-01T08:08:00Z,0.0,0.0
57167.9715,57192.765,57079.203,0,57152.37,2024-05-01T08:09:00Z,0.0,0.0
57212.19,57298.24,57202.055,0,57208.225,2024-05-01T08:10:00Z,0.0,0.0
57287.68,57287.68,57168.8,0,57168.8,2024-05-01T08:11:00Z,0.0,0.0
57412.6,57412.6,57229.1145,0,57243.4155,2024-05-01T08:12:00Z,0.0,0.0
57384.575,57384.575,57342.415,0,57371.3585,2024-05-01T08:13:00Z,0.0,0.0
57349.0925,57349.8475,57324.6815,0,57349.8475,2024-05-01T08:14:00Z,0.0,0.0
57275.1015,57334.511,57208.1,1,57323.266,2024-05-01T08:15:00Z,0.001,57208.1
57217.85,57290.39,57188.252,0,57234.895,2024-05-01T08:16:00Z,0.0,0.0
57248.5465,57283.1,57187.295,0,57257.96,2024-05-01T08:17:00Z,0.0,0.0
57079.27,57227.54,57079.27,0,57227.54,2024-05-01T08:18:00Z,0.0,0.0
56974.0,57130.76,56938.26,1,57130.76,2024-05-01T08:19:00Z,0.001,57080.51
56806.7,57001.6555,56806.7,0,56927.4,2024-05-01T08:20:00Z,0.0,0.0
56598.595,56898.6,56559.575,0,56841.6,2024-05-01T08:21:00Z,0.0,0.0
56595.8925,56858.4475,56595.8925,0,56653.27,2024-05-01T08:22:00Z,0.0,0.0
56877.226,56877.226,56579.4755,0,56579.4755,2024-05-01T08:23:00Z,0.0,0.0
56986.05,57035.835,56783.718,0,56855.235,2024-05-01T08:24:00Z,0.0,0.0
57045.639,57045.639,56974.95,0,57020.475,2024-05-01T08:25:00Z,0.0,0.0
57102.3935,57118.335,57031.524,0,57084.7715,2024-05-01T08:26:00Z,0.0,0.0
57006.0845,57080.9,56975.45,0,57080.9,2024-05-01T08:27:00Z,0.0,0.0
56947.29,57047.25,56947.29,0,57047.25,2024-05-01T08:28:00Z,0.0,0.0
57026.084,57026.084,56890.504,0,56904.1105,2024-05-01T08:29:00Z,0.0,0.0
57010.85,57028.0025,56941.575,0,56980.9005,2024-05-01T08:30:00Z,0.0,0.0
57091.265,57164.53,57029.7,1,57029.7,2024-05-01T08:31:00Z,0.001137,57085.7
57001.149,57081.368,57001.149,0,57081.368,2024-05-01T08:32:00Z,0.0,0.0
56978.38,57126.2475,56978.38,0,57034.8415,2024-05-01T08:33:00Z,0.0,0.0
57039.311,57039.311,56955.6385,0,57016.027,2024-05-01T08:34:00Z,0.0,0.0
57052.797,57072.215,57028.49,0,57058.8795,2024-05-01T08:35:00Z,0.0,0.0
57079.8405,57079.8405,57011.4,0,57072.44,2024-05-01T08:36:00Z,0.0,0.0
57051.93,57075.585,57044.39,0,57044.39,2024-05-01T08:37:00Z,0.0,0.0
57045.958,57045.958,57006.812,0,57006.812,2024-05-01T08:38:00Z,0.0,0.0
57011.324,57105.622,57011.324,0,57073.1165,2024-05-01T08:39:00Z,0.0,0.0
56996.4385,57023.3,56957.75,0,56957.75,2024-05-01T08:40:00Z,0.0,0.0
57055.95,57055.95,57033.473,0,57033.473,2024-05-01T08:41:00Z,0.0,0.0
56911.45,57023.2605,56911.45,0,57019.45,2024-05-01T08:42:00Z,0.0,0.0
56840.8775,56873.7415,56840.8775,0,56873.7415,2024-05-01T08:43:00Z,0.0,0.0
56863.795,56863.795,56863.795,0,56863.795,2024-05-01T08:44:00Z,0.0,0.0
56955.328,56955.328,56891.35,0,56891.35,2024-05-01T08:45:00Z,0.0,0.0
56976.0075,56976.0075,56896.63,0,56928.6275,2024-05-01T08:46:00Z,0.0,0.0
56990.86,56990.86,56896.45,0,56942.938,2024-05-01T08:47:00Z,0.0,0.0
56964.0905,56964.0905,56964.0905,0,56964.0905,2024-05-01T08:48:00Z,0.0,0.0
56836.988,56920.979,56836.988,0,56920.979,2024-05-01T08:49:00Z,0.0,0.0
56940.25,56940.25,56872.24,0,56872.24,2024-05-01T08:50:00Z,0.0,0.0
57042.805,57049.4235,56947.921,0,56947.921,2024-05-01T08:51:00Z,0.0,0.0
57077.854,57077.854,57027.905,0,57027.905,2024-05-01T08:52:00Z,0.0,0.0
56994.1,57058.86,56994.1,0,57058.86,2024-05-01T08:53:00Z,0.0,0.0
57024.8895,57024.8895,57024.8895,0,57024.8895,2024-05-01T08:54:00Z,0.0,0.0
57055.305,57055.305,57055.305,0,57055.305,2024-05-01T08:55:00Z,0.0,0.0
57072.337,57152.4995,57072.337,0,57074.95,2024-05-01T08:56:00Z,0.0,0.0
57102.646,57102.646,57059.47,0,57059.47,2024-05-01T08:57:00Z,0.0,0.0
57111.132,57141.0885,57111.132,0,57141.0885,2024-05-01T08:58:00Z,0.0,0.0
57135.4235,57135.4235,57135.4235,0,57135.4235,2024-05-01T08:59:00Z,0.0,0.0
57084.25,57136.41,57075.227,1,57075.227,2024-05-01T09:00:00Z,0.001,57075.227
57061.5695,57143.446,57061.5695,0,57115.495,2024-05-01T09:01:00Z,0.0,0.0
57156.62,57156.62,57029.632,0,57029.632,2024-05-01T09:02:00Z,0.0,0.0
57248.423,57248.423,57174.081,0,57174.081,2024-05-01T09:03:00Z,0.0,0.0
57313.8,57313.8,57245.25,0,57277.009,2024-05-01T09:04:00Z,0.0,0.0
57353.186,57394.9585,57324.77,0,57337.62,2024-05-01T09:05:00Z,0.0,0.0
57448.81,57448.81,57405.84,0,57405.84,2024-05-01T09:06:00Z,0.0,0.0
57458.075,57483.084,57434.3895,0,57483.084,2024-05-01T09:07:00Z,0.0,0.0
57580.9205,57617.2715,57500.078,0,57500.078,2024-05-01T09:08:00Z,0.0,0.0
57502.06,57547.295,57502.06,0,57547.295,2024-05-01T09:09:00Z,0.0,0.0
57433.485,57487.69,57433.485,0,57453.757,2024-05-01T09:10:00Z,0.0,0.0
57409.08,57443.6705,57406.0745,0,57406.0745,2024-05-01T09:11:00Z,0.0,0.0
57467.905,57467.905,57432.8765,0,57432.8765,2024-05-01T09:12:00Z,0.0,0.0
57349.4735,57497.14,57349.4735,0,57497.14,2024-05-01T09:13:00Z,0.0,0.0
57347.2495,57384.8,57347.2495,0,57384.8,2024-05-01T09:14:00Z,0.0,0.0
57243.645,57328.6865,57243.645,0,57312.07,2024-05-01T09:15:00Z,0.0,0.0
57280.705,57313.224,57280.705,0,57284.335,2024-05-01T09:16:00Z,0.0,0.0
57273.74,57306.55,57273.74,0,57306.55,2024-05-01T09:17:00Z,0.0,0.0
57180.615,57246.47,57180.615,0,57246.47,2024-05-01T09:18:00Z,0.0,0.0
57177.5285,57177.5285,57163.695,0,57163.695,2024-05-01T09:19:00Z,0.0,0.0
57157.087,57158.895,57117.22,0,57158.895,2024-05-01T09:20:00Z,0.0,0.0
57245.64,57245.64,57125.645,0,57125.645,2024-05-01T09:21:00Z,0.0,0.0
57277.563,57306.875,57252.235,0,57274.5,2024-05-01T09:22:00Z,0.0,0.0
57344.7565,57344.7565,57317.2255,0,57317.2255,2024-05-01T09:23:00Z,0.0,0.0
57362.135,57396.1595,57361.24,0,57361.24,2024-05-01T09:24:00Z,0.0,0.0
57480.2,57510.693,57396.0395,0,57396.0395,2024-05-01T09:25:00Z,0.0,0.0
57394.593,57453.104,57394.593,0,57453.104,2024-05-01T09:26:00Z,0.0,0.0
57328.85,57370.5445,57328.85,0,57370.5445,2024-05-01T09:27:00Z,0.0,0.0
57323.38,57323.38,57309.782,0,57309.782,2024-05-01T09:28:00Z,0.0,0.0
57407.6145,57407.6145,57362.601,0,57362.601,2024-05-01T09:29:00Z,0.0,0.0
57411.1175,57453.6495,57392.027,0,57392.027,2024-05-01T09:30:00Z,0.0,0.0
57321.4945,57386.81,57321.4945,0,57386.81,2024-05-01T09:31:00Z,0.0,0.0
57332.5005,57359.634,57332.5005,0,57359.634,2024-05-01T09:32:00Z,0.0,0.0
57371.435,57371.435,57371.435,0,57371.435,2024-05-01T09:33:00Z,0.0,0.0
57361.737,57361.737,57331.5,0,57331.5,2024-05-01T09:34:00Z,0.0,0.0
57427.95,57427.95,57384.205,0,57384.205,2024-05-01T09:35:00Z,0.0,0.0
57357.497,57401.415,57357.497,0,57401.415,2024-05-01T09:36:00Z,0.0,0.0
57406.005,57411.24,57388.75,0,57388.75,2024-05-01T09:37:00Z,0.0,0.0
57332.971,57385.5495,57332.971,0,57385.5495,2024-05-01T09:38:00Z,0.0,0.0
57300.543,57332.332,57291.1605,0,57291.1605,2024-05-01T09:39:00Z,0.0,0.0
57355.55,57386.6,57334.7,0,57334.7,2024-05-01T09:40:00Z,0.0,0.0
57361.15,57389.545,57361.15,0,57389.545,2024-05-01T09:42:00Z,0.0,0.0
57350.7585,57378.6435,57350.7585,0,57378.6435,2024-05-01T09:43:00Z,0.0,0.0
57379.6435,57379.6435,57379.6435,0,57379.6435,2024-05-01T09:44:00Z,0.0,0.0
57292.9995,57344.908,57292.9995,0,57344.908,2024-05-01T09:45:00Z,0.0,0.0
57186.9,57250.45,57186.9,0,57250.45,2024-05-01T09:46:00Z,0.0,0.0
57201.99,57201.99,57155.4415,0,57170.355,2024-05-01T09:47:00Z,0.0,0.0
57176.0485,57176.0485,57176.0485,0,57176.0485,2024-05-01T09:48:00Z,0.0,0.0
57193.6065,57193.6065,57193.6065,0,57193.6065,2024-05-01T09:49:00Z,0.0,0.0
57163.609,57163.609,57163.609,0,57163.609,2024-05-01T09:51:00Z,0.0,0.0
57224.7075,57224.7075,57200.101,0,57200.101,2024-05-01T09:52:00Z,0.0,0.0
57147.15,57201.3775,57147.15,0,57201.3775,2024-05-01T09:54:00Z,0.0,0.0
57198.5,57198.5,57197.5905,0,57197.5905,2024-05-01T09:55:00Z,0.0,0.0
57183.1095,57183.1095,57183.1095,0,57183.1095,2024-05-01T09:56:00Z,0.0,0.0
57194.867,57212.5,57194.867,0,57212.5,2024-05-01T09:57:00Z,0.0,0.0
57120.6085,57159.635,57120.6085,0,57159.635,2024-05-01T09:59:00Z,0.0,0.0
57130.059,57152.465,57130.059,0,57152.465,2024-05-01T10:00:00Z,0.0,0.0
57054.75,57085.0145,57054.75,0,57085.0145,2024-05-01T10:01:00Z,0.0,0.0
57007.752,57033.5,57007.752,0,57033.5,2024-05-01T10:02:00Z,0.0,0.0
57002.78,57067.455,57002.78,0,57034.34,2024-05-01T10:03:00Z,0.0,0.0
56973.065,56973.065,56973.065,0,56973.065,2024-05-01T10:04:00Z,0.0,0.0
56938.0795,56938.0795,56938.0795,0,56938.0795,2024-05-01T10:05:00Z,0.0,0.0
56926.76,56926.76,56926.76,0,56926.76,2024-05-01T10:06:00Z,0.0,0.0
56937.0,56949.3915,56922.28,0,56949.3915,2024-05-01T10:07:00Z,0.0,0.0
56927.025,56927.025,56927.025,0,56927.025,2024-05-01T10:08:00Z,0.0,0.0
56888.5085,56888.5085,56888.5085,0,56888.5085,2024-05-01T10:09:00Z,0.0,0.0
56882.0445,56914.3705,56882.0445,0,56914.3705,2024-05-01T10:10:00Z,0.0,0.0
56957.3145,56957.3145,56904.404,0,56904.404,2024-05-01T10:12:00Z,0.0,0.0
57016.2535,57029.8005,56985.233,0,56985.233,2024-05-01T10:13:00Z,0.0,0.0
56968.173,56968.173,56968.173,0,56968.173,2024-05-01T10:14:00Z,0.0,0.0
57037.016,57037.016,57010.45,0,57010.45,2024-05-01T10:15:00Z,0.0,0.0
56934.05,56993.93,56901.175,0,56993.93,2024-05-01T10:16:00Z,0.0,0.0
56949.19,56949.19,56906.9355,0,56906.9355,2024-05-01T10:17:00Z,0.0,0.0
57011.9,57011.9,56984.262,0,56984.262,2024-05-01T10:18:00Z,0.0,0.0
57126.404,57128.0825,57047.165,0,57047.165,2024-05-01T10:19:00Z,0.0,0.0
57311.55,57364.843,57183.4575,0,57183.4575,2024-05-01T10:20:00Z,0.0,0.0
57498.024,57498.024,57351.515,0,57351.515,2024-05-01T10:21:00Z,0.0,0.0
57394.86,57469.05,57394.86,0,57469.05,2024-05-01T10:22:00Z,0.0,0.0
57406.54,57406.54,57379.8085,0,57379.8085,2024-05-01T10:23:00Z,0.0,0.0
57412.71,57412.71,57368.1225,0,57368.1225,2024-05-01T10:24:00Z,0.0,0.0
57375.38,57375.38,57375.38,0,57375.38,2024-05-01T10:25:00Z,0.0,0.0
57337.65,57337.65,57294.526,0,57322.0905,2024-05-01T10:26:00Z,0.0,0.0
57409.979,57409.979,57354.9175,0,57354.9175,2024-05-01T10:27:00Z,0.0,0.0
57463.1665,57463.1665,57401.275,0,57431.8,2024-05-01T10:28:00Z,0.0,0.0
57438.809,57438.809,57438.809,0,57438.809,2024-05-01T10:29:00Z,0.0,0.0
57439.317,57473.65,57439.317,0,57473.65,2024-05-01T10:30:00Z,0.0,0.0
57415.7205,57415.7205,57415.7205,0,57415.7205,2024-05-01T10:31:00Z,0.0,0.0
57393.317,57393.317,57393.317,0,57393.317,2024-05-01T10:32:00Z,0.0,0.0
57353.86,57353.86,57353.86,0,57353.86,2024-05-01T10:33:00Z,0.0,0.0
57414.051,57414.051,57377.7065,0,57377.7065,2024-05-01T10:35:00Z,0.0,0.0
57414.791,57447.3965,57414.791,0,57447.3965,2024-05-01T10:36:00Z,0.0,0.0
57472.5415,57472.5415,57383.716,0,57383.716,2024-05-01T10:37:00Z,0.0,0.0
57443.69,57443.69,57443.69,0,57443.69,2024-05-01T10:38:00Z,0.0,0.0
57420.55,57420.55,57420.55,0,57420.55,2024-05-01T10:39:00Z,0.0,0.0
57535.45,57535.45,57443.39,0,57443.39,2024-05-01T10:40:00Z,0.0,0.0
57618.959,57618.959,57572.59,0,57572.59,2024-05-01T10:41:00Z,0.0,0.0
57651.7,57687.133,57651.1,0,57651.1,2024-05-01T10:42:00Z,0.0,0.0
57697.1335,57697.1335,57697.1335,0,57697.1335,2024-05-01T10:43:00Z,0.0,0.0
57619.9845,57659.01,57619.9845,0,57659.01,2024-05-01T10:44:00Z,0.0,0.0
57672.002,57672.002,57642.153,0,57642.153,2024-05-01T10:45:00Z,0.0,0.0
57649.6625,57736.1125,57649.6625,0,57708.95,2024-05-01T10:46:00Z,0.0,0.0
57584.7325,57626.53,57584.7325,0,57626.53,2024-05-01T10:47:00Z,0.0,0.0
57497.535,57551.589,57497.535,0,57551.589,2024-05-01T10:48:00Z,0.0,0.0
57526.582,57526.582,57473.8,0,57473.8,2024-05-01T10:51:00Z,0.0,0.0
57567.54,57608.6245,57561.674,0,57561.674,2024-05-01T10:52:00Z,0.0,0.0
57593.154,57593.154,57593.154,0,57593.154,2024-05-01T10:53:00Z,0.0,0.0
57652.1145,57687.25,57627.664,0,57627.664,2024-05-01T10:54:00Z,0.0,0.0
57690.037,57690.037,57612.07,0,57612.07,2024-05-01T10:56:00Z,0.0,0.0
57649.763,57649.763,57649.763,0,57649.763,2024-05-01T10:57:00Z,0.0,0.0
57712.1835,57712.1835,57691.62,0,57691.62,2024-05-01T10:58:00Z,0.0,0.0
57746.725,57746.725,57746.725,0,57746.725,2024-05-01T10:59:00Z,0.0,0.0
57684.5685,57783.652,57684.5685,0,57783.652,2024-05-01T11:00:00Z,0.0,0.0
57774.0125,57774.0125,57712.88,0,57712.88,2024-05-01T11:01:00Z,0.0,0.0
57819.3915,57819.3915,57819.3915,0,57819.3915,2024-05-01T11:02:00Z,0.0,0.0
57774.1795,57774.1795,57774.1795,0,57774.1795,2024-05-01T11:03:00Z,0.0,0.0
57801.801,57801.801,57801.801,0,57801.801,2024-05-01T11:05:00Z,0.0,0.0
57793.1895,57866.41,57793.1895,0,57851.89,2024-05-01T11:06:00Z,0.0,0.0
57655.525,57778.64,57655.525,0,57778.64,2024-05-01T11:07:00Z,0.0,0.0
57687.77,57687.77,57687.77,0,57687.77,2024-05-01T11:08:00Z,0.0,0.0
57603.423,57649.0,57603.423,0,57649.0,2024-05-01T11:09:00Z,0.0,0.0
57621.6465,57621.6465,57621.6465,0,57621.6465,2024-05-01T11:10:00Z,0.0,0.0
57633.15,57646.75,57633.15,0,57646.75,2024-05-01T11:11:00Z,0.0,0.0
57659.722,57659.722,57659.722,0,57659.722,2024-05-01T11:12:00Z,0.0,0.0
57594.0455,57622.455,57594.0455,0,57622.455,2024-05-01T11:13:00Z,0.0,0.0
57627.275,57627.275,57627.275,0,57627.275,2024-05-01T11:14:00Z,0.0,0.0
57611.9,57656.441,57611.9,0,57656.441,2024-05-01T11:15:00Z,0.0,0.0
57643.4185,57643.4185,57643.4185,0,57643.4185,2024-05-01T11:16:00Z,0.0,0.0
57643.848,57660.7915,57643.848,0,57660.7915,2024-05-01T11:17:00Z,0.0,0.0
57613.453,57613.453,57613.453,0,57613.453,2024-05-01T11:18:00Z,0.0,0.0
57616.05,57616.05,57593.8335,0,57593.8335,2024-05-01T11:20:00Z,0.0,0.0
57711.406,57711.406,57635.308,0,57635.308,2024-05-01T11:21:00Z,0.0,0.0
57666.232,57666.232,57666.232,0,57666.232,2024-05-01T11:22:00Z,0.0,0.0
57607.59,57644.782,57607.59,0,57644.782,2024-05-01T11:23:00Z,0.0,0.0
57580.534,57580.534,57580.534,0,57580.534,2024-05-01T11:24:00Z,0.0,0.0
57571.2825,57571.2825,57571.2825,0,57571.2825,2024-05-01T11:25:00Z,0.0,0.0
57524.4675,57524.4675,57524.4675,0,57524.4675,2024-05-01T11:26:00Z,0.0,0.0
57562.655,57562.655,57562.655,0,57562.655,2024-05-01T11:27:00Z,0.0,0.0
57582.8465,57582.8465,57582.8465,0,57582.8465,2024-05-01T11:28:00Z,0.0,0.0
57564.075,57564.075,57564.075,0,57564.075,2024-05-01T11:30:00Z,0.0,0.0
57553.3965,57553.3965,57519.915,0,57519.915,2024-05-01T11:32:00Z,0.0,0.0
57529.935,57529.935,57529.935,0,57529.935,2024-05-01T11:33:00Z,0.0,0.0
57494.609,57494.609,57494.609,0,57494.609,2024-05-01T11:35:00Z,0.0,0.0
57561.1635,57561.1635,57522.27,0,57522.27,2024-05-01T11:39:00Z,0.0,0.0
57526.139,57526.139,57526.139,0,57526.139,2024-05-01T11:40:00Z,0.0,0.0
57558.4,57558.4,57558.4,0,57558.4,2024-05-01T11:41:00Z,0.0,0.0
57579.367,57579.367,57579.367,0,57579.367,2024-05-01T11:42:00Z,0.0,0.0
57616.753,57616.753,57616.753,0,57616.753,2024-05-01T11:44:00Z,0.0,0.0
57719.8775,57719.8775,57647.8845,0,57647.8845,2024-05-01T11:45:00Z,0.0,0.0
57768.2445,57768.2445,57726.098,0,57726.098,2024-05-01T11:46:00Z,0.0,0.0
57666.946,57728.5175,57666.946,0,57728.5175,2024-05-01T11:48:00Z,0.0,0.0
57756.6435,57756.6435,57711.055,0,57711.055,2024-05-01T11:50:00Z,0.0,0.0
57787.5,57787.5,57787.5,0,57787.5,2024-05-01T11:52:00Z,0.0,0.0
57857.8355,57857.8355,57799.14,0,57816.0825,2024-05-01T11:53:00Z,0.0,0.0
57881.7095,57881.7095,57881.7095,0,57881.7095,2024-05-01T11:54:00Z,0.0,0.0
57830.8,57849.273,57830.8,0,57849.273,2024-05-01T11:55:00Z,0.0,0.0
57887.85,57887.85,57802.3835,0,57802.3835,2024-05-01T11:58:00Z,0.0,0.0
57848.98,57848.98,57848.98,0,57848.98,2024-05-01T12:00:00Z,0.0,0.0
57806.0035,57833.3995,57806.0035,0,57833.3995,2024-05-01T12:01:00Z,0.0,0.0
57767.41,57787.993,57756.6,0,57756.6,2024-05-01T12:02:00Z,0.0,0.0
57803.1525,57803.1525,57741.345,0,57741.345,2024-05-01T12:03:00Z,0.0,0.0
57770.886,57770.886,57770.886,0,57770.886,2024-05-01T12:04:00Z,0.0,0.0
57748.18,57748.18,57748.18,0,57748.18,2024-05-01T12:05:00Z,0.0,0.0
57856.317,57856.317,57775.7025,0,57775.7025,2024-05-01T12:06:00Z,0.0,0.0
57936.4605,57957.85,57903.8365,0,57903.8365,2024-05-01T12:07:00Z,0.0,0.0
57992.824,57992.824,57956.9145,0,57956.9145,2024-05-01T12:08:00Z,0.0,0.0
57956.765,57961.125,57933.165,0,57961.125,2024-05-01T12:09:00Z,0.0,0.0
58080.411,58080.411,57978.54,0,57978.54,2024-05-01T12:10:00Z,0.0,0.0
58053.1195,58053.1195,58053.1195,0,58053.1195,2024-05-01T12:11:00Z,0.0,0.0
58199.255,58199.255,58078.6505,0,58078.6505,2024-05-01T12:12:00Z,0.0,0.0
58180.7645,58245.544,58141.915,0,58182.937,2024-05-01T12:13:00Z,0.0,0.0
58203.347,58203.347,58203.347,0,58203.347,2024-05-01T12:14:00Z,0.0,0.0
58065.515,58170.765,58065.515,0,58170.765,2024-05-01T12:15:00Z,0.0,0.0
58006.1325,58089.765,57958.935,0,58089.765,2024-05-01T12:16:00Z,0.0,0.0
58012.375,58012.375,57982.19,0,57982.19,2024-05-01T12:17:00Z,0.0,0.0
58050.695,58050.695,58009.57,0,58045.5965,2024-05-01T12:18:00Z,0.0,0.0
58004.923,58004.923,58004.923,0,58004.923,2024-05-01T12:19:00Z,0.0,0.0
58036.495,58076.165,58031.7665,0,58031.7665,2024-05-01T12:20:00Z,0.0,0.0
58162.6515,58206.016,58076.6,0,58076.6,2024-05-01T12:21:00Z,0.0,0.0
58131.8465,58194.469,58131.8465,0,58145.972,2024-05-01T12:22:00Z,0.0,0.0
58114.327,58114.327,58068.035,0,58103.986,2024-05-01T12:23:00Z,0.0,0.0
58089.4375,58089.4375,58089.4375,0,58089.4375,2024-05-01T12:24:00Z,0.0,0.0
58045.7065,58045.7065,58045.7065,0,58045.7065,2024-05-01T12:25:00Z,0.0,0.0
58143.617,58143.617,58071.4,0,58077.2405,2024-05-01T12:26:00Z,0.0,0.0
58158.04,58172.2365,58158.04,0,58172.2365,2024-05-01T12:27:00Z,0.0,0.0
58061.995,58117.57,58061.995,0,58117.57,2024-05-01T12:28:00Z,0.0,0.0
58058.047,58058.047,58026.1545,0,58026.1545,2024-05-01T12:30:00Z,0.0,0.0
58154.243,58154.243,58023.05,0,58023.05,2024-05-01T12:31:00Z,0.0,0.0
58244.95,58244.95,58183.8215,0,58183.8215,2024-05-01T12:32:00Z,0.0,0.0
58134.2,58219.184,58134.2,0,58219.184,2024-05-01T12:33:00Z,0.0,0.0
58184.82,58184.82,58155.82,0,58155.82,2024-05-01T12:34:00Z,0.0,0.0
58165.6165,58165.6165,58149.87,0,58149.87,2024-05-01T12:35:00Z,0.0,0.0
58272.7305,58272.7305,58214.255,0,58214.255,2024-05-01T12:36:00Z,0.0,0.0
58235.7355,58235.7355,58235.7355,0,58235.7355,2024-05-01T12:37:00Z,0.0,0.0
58185.628,58234.5755,58185.628,0,58198.836,2024-05-01T12:39:00Z,0.0,0.0
58222.192,58222.192,58222.192,0,58222.192,2024-05-01T12:40:00Z,0.0,0.0
58152.25,58179.1645,58152.25,0,58179.1645,2024-05-01T12:41:00Z,0.0,0.0
58154.0655,58191.1545,58154.0655,0,58191.1545,2024-05-01T12:42:00Z,0.0,0.0
58154.415,58179.9,58154.415,0,58179.9,2024-05-01T12:44:00Z,0.0,0.0
58063.624,58118.065,58063.624,0,58118.065,2024-05-01T12:45:00Z,0.0,0.0
58084.55,58084.55,58084.55,0,58084.55,2024-05-01T12:46:00Z,0.0,0.0
58066.52,58098.83,58042.535,0,58042.535,2024-05-01T12:47:00Z,0.0,0.0
58040.566,58040.566,58040.566,0,58040.566,2024-05-01T12:49:00Z,0.0,0.0
57991.04,57991.04,57991.04,0,57991.04,2024-05-01T12:50:00Z,0.0,0.0
57970.429,57970.429,57970.429,0,57970.429,2024-05-01T12:52:00Z,0.0,0.0
57906.5315,57946.2,57906.5315,0,57946.2,2024-05-01T12:53:00Z,0.0,0.0
57882.01,57882.01,57882.01,0,57882.01,2024-05-01T12:54:00Z,0.0,0.0
57860.455,57860.455,57840.772,0,57840.772,2024-05-01T12:55:00Z,0.0,0.0
57967.755,57984.4,57902.73,0,57902.73,2024-05-01T12:58:00Z,0.0,0.0
57965.345,57965.345,57935.96,0,57935.96,2024-05-01T12:59:00Z,0.0,0.0
57905.4935,57925.365,57905.4935,0,57925.365,2024-05-01T13:01:00Z,0.0,0.0
57878.59,57883.4125,57841.82,0,57883.4125,2024-05-01T13:02:00Z,0.0,0.0
57774.1635,57841.5045,57774.1635,0,57841.5045,2024-05-01T13:03:00Z,0.0,0.0
57831.863,57831.863,57817.45,0,57817.45,2024-05-01T13:04:00Z,0.0,0.0
57775.8705,57803.219,57775.8705,0,57803.219,2024-05-01T13:06:00Z,0.0,0.0
57771.8205,57771.8205,57725.15,0,57751.662,2024-05-01T13:07:00Z,0.0,0.0
57739.4125,57739.4125,57739.4125,0,57739.4125,2024-05-01T13:08:00Z,0.0,0.0
57776.585,57776.585,57776.585,0,57776.585,2024-05-01T13:09:00Z,0.0,0.0
57835.7905,57835.7905,57796.9625,0,57796.9625,2024-05-01T13:10:00Z,0.0,0.0
57797.64,57797.64,57797.64,0,57797.64,2024-05-01T13:16:00Z,0.0,0.0
57686.645,57777.6215,57686.645,0,57777.6215,2024-05-01T13:17:00Z,0.0,0.0
57711.7,57711.7,57711.7,0,57711.7,2024-05-01T13:18:00Z,0.0,0.0
57757.1835,57757.1835,57757.1835,0,57757.1835,2024-05-01T13:20:00Z,0.0,0.0
57720.9595,57720.9595,57681.73,0,57719.624,2024-05-01T13:21:00Z,0.0,0.0
57750.705,57750.705,57750.705,0,57750.705,2024-05-01T13:25:00Z,0.0,0.0
57733.938,57733.938,57717.5,0,57717.5,2024-05-01T13:26:00Z,0.0,0.0
57677.85,57716.86,57677.85,0,57716.86,2024-05-01T13:28:00Z,0.0,0.0
57720.9215,57720.9215,57720.9215,0,57720.9215,2024-05-01T13:29:00Z,0.0,0.0
57685.659,57685.659,57625.5,0,57675.1,2024-05-01T13:30:00Z,0.0,0.0
57591.5135,57645.38,57591.5135,0,57645.38,2024-05-01T13:31:00Z,0.0,0.0
57585.069,57653.8755,57553.891,0,57553.891,2024-05-01T13:32:00Z,0.0,0.0
57331.065,57555.9795,57238.85,0,57555.9795,2024-05-01T13:33:00Z,0.0,0.0
57348.045,57348.045,57288.935,0,57288.935,2024-05-01T13:34:00Z,0.0,0.0
57622.05,57622.05,57297.6645,0,57325.658,2024-05-01T13:35:00Z,0.0,0.0
57579.95,57658.173,57571.495,0,57589.496,2024-05-01T13:36:00Z,0.0,0.0
57487.0535,57547.3855,57468.2295,0,57547.3855,2024-05-01T13:37:00Z,0.0,0.0
57494.243,57510.82,57443.15,0,57459.5555,2024-05-01T13:38:00Z,0.0,0.0
57519.314,57519.314,57455.809,0,57455.809,2024-05-01T13:39:00Z,0.0,0.0
57472.1055,57485.755,57433.7435,0,57485.755,2024-05-01T13:40:00Z,0.0,0.0
57523.594,57523.594,57492.75,0,57492.75,2024-05-01T13:41:00Z,0.0,0.0
57516.671,57516.671,57516.671,0,57516.671,2024-05-01T13:43:00Z,0.0,0.0
57504.0165,57504.0165,57467.375,0,57467.375,2024-05-01T13:44:00Z,0.0,0.0
57504.8485,57539.055,57475.3095,0,57475.3095,2024-05-01T13:45:00Z,0.0,0.0
57532.09,57532.09,57467.73,0,57467.73,2024-05-01T13:46:00Z,0.0,0.0
57668.875,57767.3,57558.5455,0,57558.5455,2024-05-01T13:47:00Z,0.0,0.0
57592.8845,57633.63,57592.8845,0,57633.63,2024-05-01T13:48:00Z,0.0,0.0
57446.92,57565.57,57446.92,0,57565.57,2024-05-01T13:49:00Z,0.0,0.0
57440.7,57475.4595,57440.7,0,57475.4595,2024-05-01T13:50:00Z,0.0,0.0
57444.507,57489.151,57444.507,0,57489.151,2024-05-01T13:51:00Z,0.0,0.0
57378.16,57409.3095,57378.16,0,57409.3095,2024-05-01T13:52:00Z,0.0,0.0
57349.9,57349.9,57349.9,0,57349.9,2024-05-01T13:53:00Z,0.0,0.0
57317.89,57317.89,57317.89,0,57317.89,2024-05-01T13:54:00Z,0.0,0.0
57343.15,57343.15,57343.15,0,57343.15,2024-05-01T13:55:00Z,0.0,0.0
57347.49,57411.8,57347.49,0,57376.439,2024-05-01T13:56:00Z,0.0,0.0
57247.305,57313.5005,57247.305,0,57313.5005,2024-05-01T13:57:00Z,0.0,0.0
57280.4415,57281.16,57254.1,0,57281.16,2024-05-01T13:58:00Z,0.0,0.0
57248.75,57248.75,57248.75,0,57248.75,2024-05-01T13:59:00Z,0.0,0.0
57276.71,57301.8045,57254.195,0,57285.548,2024-05-01T14:00:00Z,0.0,0.0
57415.105,57415.105,57314.3585,0,57314.3585,2024-05-01T14:01:00Z,0.0,0.0
57525.3885,57525.3885,57443.603,0,57443.603,2024-05-01T14:02:00Z,0.0,0.0
57324.5055,57498.073,57324.5055,0,57498.073,2024-05-01T14:03:00Z,0.0,0.0
57270.4385,57321.15,57257.75,0,57300.185,2024-05-01T14:04:00Z,0.0,0.0
57379.105,57379.105,57286.0,0,57312.6885,2024-05-01T14:05:00Z,0.0,0.0
57445.02,57475.79,57424.9275,0,57424.9275,2024-05-01T14:06:00Z,0.0,0.0
57422.1085,57422.1085,57422.1085,0,57422.1085,2024-05-01T14:07:00Z,0.0,0.0
57360.37,57439.695,57360.37,0,57439.695,2024-05-01T14:08:00Z,0.0,0.0
57311.3265,57329.0,57301.45,0,57329.0,2024-05-01T14:09:00Z,0.0,0.0
57267.47,57294.6795,57233.9,0,57294.6795,2024-05-01T14:10:00Z,0.0,0.0
57234.8,57272.795,57203.49,0,57226.075,2024-05-01T14:11:00Z,0.0,0.0
57140.2765,57235.15,57110.818,0,57199.2,2024-05-01T14:12:00Z,0.0,0.0
57182.6055,57182.6055,57167.515,0,57167.515,2024-05-01T14:13:00Z,0.0,0.0
57256.6,57256.6,57225.6635,0,57225.6635,2024-05-01T14:14:00Z,0.0,0.0
57283.1,57283.1,57165.035,0,57217.728,2024-05-01T14:16:00Z,0.0,0.0
57378.5,57415.7265,57342.105,0,57342.105,2024-05-01T14:17:00Z,0.0,0.0
57429.145,57429.145,57370.1,0,57370.1,2024-05-01T14:18:00Z,0.0,0.0
57401.3985,57401.3985,57401.3985,0,57401.3985,2024-05-01T14:19:00Z,0.0,0.0
57380.3,57460.143,57380.3,0,57426.717,2024-05-01T14:20:00Z,0.0,0.0
57353.984,57353.984,57353.984,0,57353.984,2024-05-01T14:21:00Z,0.0,0.0
57410.3,57434.13,57373.345,0,57373.345,2024-05-01T14:22:00Z,0.0,0.0
57362.5005,57362.5005,57362.5005,0,57362.5005,2024-05-01T14:24:00Z,0.0,0.0
57311.6595,57352.3495,57311.6595,0,57352.3495,2024-05-01T14:25:00Z,0.0,0.0
57379.6105,57379.6105,57314.9105,0,57340.08,2024-05-01T14:26:00Z,0.0,0.0
57369.0785,57407.08,57354.05,0,57354.05,2024-05-01T14:27:00Z,0.0,0.0
57380.16,57395.6635,57380.16,0,57395.6635,2024-05-01T14:28:00Z,0.0,0.0
57407.675,57407.675,57334.95,0,57334.95,2024-05-01T14:29:00Z,0.0,0.0
57390.745,57428.383,57390.745,0,57428.383,2024-05-01T14:30:00Z,0.0,0.0
57491.84,57491.84,57368.318,0,57368.318,2024-05-01T14:31:00Z,0.0,0.0
57453.4185,57453.4185,57453.4185,0,57453.4185,2024-05-01T14:32:00Z,0.0,0.0
57515.6925,57515.6925,57482.357,0,57482.357,2024-05-01T14:34:00Z,0.0,0.0
57552.58,57552.58,57552.58,0,57552.58,2024-05-01T14:36:00Z,0.0,0.0
57487.5055,57527.455,57487.5055,0,57527.455,2024-05-01T14:37:00Z,0.0,0.0
57427.7215,57470.507,57427.7215,0,57470.507,2024-05-01T14:38:00Z,0.0,0.0
57338.373,57404.5365,57338.373,0,57404.5365,2024-05-01T14:39:00Z,0.0,0.0
57214.963,57299.481,57214.963,0,57299.481,2024-05-01T14:40:00Z,0.0,0.0
57345.705,57345.705,57253.11,0,57253.11,2024-05-01T14:41:00Z,0.0,0.0
57253.4,57315.1325,57253.4,0,57315.1325,2024-05-01T14:42:00Z,0.0,0.0
57312.815,57312.815,57290.07,0,57290.07,2024-05-01T14:43:00Z,0.0,0.0
57447.43,57447.43,57345.705,0,57345.705,2024-05-01T14:44:00Z,0.0,0.0
57372.02,57415.7935,57372.02,0,57415.7935,2024-05-01T14:45:00Z,0.0,0.0
57363.965,57363.965,57313.45,0,57342.221,2024-05-01T14:46:00Z,0.0,0.0
57406.316,57406.316,57406.316,0,57406.316,2024-05-01T14:47:00Z,0.0,0.0
57414.139,57414.139,57368.45,0,57368.45,2024-05-01T14:48:00Z,0.0,0.0
57415.875,57415.875,57389.5375,0,57389.5375,2024-05-01T14:49:00Z,0.0,0.0
57438.685,57438.685,57378.6415,0,57378.6415,2024-05-01T14:50:00Z,0.0,0.0
57448.44,57448.44,57417.45,0,57417.45,2024-05-01T14:51:00Z,0.0,0.0
57455.126,57470.8985,57455.126,0,57470.8985,2024-05-01T14:52:00Z,0.0,0.0
57468.105,57468.105,57468.105,0,57468.105,2024-05-01T14:54:00Z,0.0,0.0
57492.5185,57492.5185,57440.216,0,57440.216,2024-05-01T14:55:00Z,0.0,0.0
57355.4905,57448.8545,57355.4905,0,57448.8545,2024-05-01T14:56:00Z,0.0,0.0
57471.55,57471.55,57397.265,0,57397.265,2024-05-01T14:57:00Z,0.0,0.0
57537.686,57579.196,57498.283,0,57498.283,2024-05-01T14:58:00Z,0.0,0.0
57494.686,57509.05,57494.686,0,57509.05,2024-05-01T14:59:00Z,0.0,0.0
57437.396,57469.36,57437.396,0,57469.36,2024-05-01T15:00:00Z,0.0,0.0
57400.75,57402.8,57352.5765,0,57402.8,2024-05-01T15:01:00Z,0.0,0.0
57329.285,57367.0,57329.285,0,57349.3035,2024-05-01T15:02:00Z,0.0,0.0
57382.5,57382.5,57313.345,0,57313.345,2024-05-01T15:03:00Z,0.0,0.0
57332.65,57344.435,57332.65,0,57344.435,2024-05-01T15:04:00Z,0.0,0.0
57292.615,57292.615,57292.615,0,57292.615,2024-05-01T15:06:00Z,0.0,0.0
57263.3315,57263.3315,57263.3315,0,57263.3315,2024-05-01T15:07:00Z,0.0,0.0
57168.842,57223.69,57168.842,0,57223.69,2024-05-01T15:08:00Z,0.0,0.0
57101.26,57134.482,57047.8545,0,57134.482,2024-05-01T15:09:00Z,0.0,0.0
57067.57,57067.57,57044.4265,0,57067.05,2024-05-01T15:10:00Z,0.0,0.0
57134.395,57134.395,57096.79,0,57096.79,2024-05-01T15:11:00Z,0.0,0.0
57114.07,57185.8715,57114.07,0,57155.69,2024-05-01T15:12:00Z,0.0,0.0
57146.1645,57146.1645,57121.663,0,57138.8,2024-05-01T15:13:00Z,0.0,0.0
57002.0725,57122.2565,56962.105,0,57122.2565,2024-05-01T15:14:00Z,0.0,0.0
57072.5045,57072.5045,56974.035,0,56974.035,2024-05-01T15:15:00Z,0.0,0.0
56895.2855,57032.879,56895.2855,0,57032.879,2024-05-01T15:16:00Z,0.0,0.0
56845.19,56920.0,56845.19,1,56850.475,2024-05-01T15:17:00Z,0.001,56920.0
56804.9595,56838.4585,56765.845,0,56804.6,2024-05-01T15:18:00Z,0.0,0.0
56751.3,56815.4425,56691.015,0,56780.0935,2024-05-01T15:19:00Z,0.0,0.0
56820.7555,56854.34,56715.787,0,56777.718,2024-05-01T15:20:00Z,0.0,0.0
56820.435,56866.5,56820.435,0,56866.5,2024-05-01T15:21:00Z,0.0,0.0
56822.8095,56846.663,56785.08,0,56846.663,2024-05-01T15:22:00Z,0.0,0.0
57005.26,57005.26,56797.6275,0,56797.6275,2024-05-01T15:23:00Z,0.0,0.0
57100.2835,57100.2835,57040.85,0,57040.85,2024-05-01T15:24:00Z,0.0,0.0
57096.3865,57096.3865,57034.25,0,57066.408,2024-05-01T15:25:00Z,0.0,0.0
57106.995,57132.381,57106.995,0,57132.381,2024-05-01T15:26:00Z,0.0,0.0
57161.2845,57161.2845,57131.0745,0,57131.0745,2024-05-01T15:27:00Z,0.0,0.0
57106.6535,57137.765,57106.6535,0,57137.765,2024-05-01T15:28:00Z,0.0,0.0
57083.485,57083.485,57083.485,0,57083.485,2024-05-01T15:29:00Z,0.0,0.0
57081.115,57081.115,57037.264,0,57037.264,2024-05-01T15:30:00Z,0.0,0.0
57042.0545,57042.0545,57042.0545,0,57042.0545,2024-05-01T15:31:00Z,0.0,0.0
57095.06,57123.052,57069.75,0,57069.75,2024-05-01T15:32:00Z,0.0,0.0
57054.1685,57054.1685,57054.1685,0,57054.1685,2024-05-01T15:33:00Z,0.0,0.0
57125.0565,57125.0565,57094.95,0,57094.95,2024-05-01T15:34:00Z,0.0,0.0
57121.15,57121.15,57093.1085,0,57093.1085,2024-05-01T15:35:00Z,0.0,0.0
57103.825,57103.825,57103.825,0,57103.825,2024-05-01T15:36:00Z,0.0,0.0
57067.1755,57106.688,57064.146,0,57064.146,2024-05-01T15:37:00Z,0.0,0.0
57114.421,57114.421,57080.135,0,57096.06,2024-05-01T15:38:00Z,0.0,0.0
56993.55,57077.568,56993.55,0,57077.568,2024-05-01T15:39:00Z,0.0,0.0
57019.9,57019.9,56959.7,0,56959.7,2024-05-01T15:40:00Z,0.0,0.0
57060.615,57060.615,57015.965,0,57057.698,2024-05-01T15:41:00Z,0.0,0.0
56997.51,57053.35,56997.51,0,57016.1685,2024-05-01T15:42:00Z,0.0,0.0
56941.99,57024.5,56941.99,0,57024.5,2024-05-01T15:43:00Z,0.0,0.0
56964.945,56964.945,56964.945,0,56964.945,2024-05-01T15:44:00Z,0.0,0.0
56911.53,56929.9435,56877.48,0,56929.9435,2024-05-01T15:45:00Z,0.0,0.0
56974.97,56974.97,56947.785,0,56947.785,2024-05-01T15:46:00Z,0.0,0.0
56933.0365,56933.0365,56933.0365,0,56933.0365,2024-05-01T15:47:00Z,0.0,0.0
56883.45,56901.678,56883.45,0,56901.678,2024-05-01T15:48:00Z,0.0,0.0
56941.8785,56941.8785,56922.26,0,56922.26,2024-05-01T15:49:00Z,0.0,0.0
56932.45,57004.205,56932.45,0,56967.741,2024-05-01T15:50:00Z,0.0,0.0
56779.2175,56927.855,56779.2175,0,56900.8055,2024-05-01T15:51:00Z,0.0,0.0
56824.4715,56824.4715,56779.555,0,56813.321,2024-05-01T15:52:00Z,0.0,0.0
56898.7695,56898.7695,56840.685,0,56840.685,2024-05-01T15:53:00Z,0.0,0.0
56879.054,56879.054,56879.054,0,56879.054,2024-05-01T15:54:00Z,0.0,0.0
56849.06,56899.93,56849.06,0,56899.93,2024-05-01T15:55:00Z,0.0,0.0
56804.7495,56804.7495,56804.7495,0,56804.7495,2024-05-01T15:56:00Z,0.0,0.0
56765.4,56765.4,56728.952,0,56764.1,2024-05-01T15:57:00Z,0.0,0.0
56853.1,56853.1,56798.801,0,56798.801,2024-05-01T15:58:00Z,0.0,0.0
56756.8015,56862.554,56756.8015,0,56824.25,2024-05-01T16:00:00Z,0.0,0.0
56791.82,56797.3,56767.355,0,56797.3,2024-05-01T16:01:00Z,0.0,0.0
56940.9445,56940.9445,56821.1,0,56821.1,2024-05-01T16:02:00Z,0.0,0.0
56906.99,56967.692,56906.99,0,56967.692,2024-05-01T16:03:00Z,0.0,0.0
57004.115,57032.93,56941.72,0,56941.72,2024-05-01T16:04:00Z,0.0,0.0
56839.405,56983.02,56839.405,0,56983.02,2024-05-01T16:07:00Z,0.0,0.0
56761.7815,56811.495,56761.7815,0,56811.495,2024-05-01T16:08:00Z,0.0,0.0
56798.366,56813.675,56755.74,0,56787.39,2024-05-01T16:09:00Z,0.0,0.0
56984.525,57000.56,56821.585,0,56821.585,2024-05-01T16:10:00Z,0.0,0.0
56975.515,57007.61,56975.515,0,57007.61,2024-05-01T16:11:00Z,0.0,0.0
56998.805,56998.805,56998.805,0,56998.805,2024-05-01T16:13:00Z,0.0,0.0
56963.31,56963.31,56963.31,0,56963.31,2024-05-01T16:15:00Z,0.0,0.0
57104.11,57104.11,57015.15,0,57015.15,2024-05-01T16:16:00Z,0.0,0.0
57142.63,57175.452,57130.4715,0,57130.4715,2024-05-01T16:17:00Z,0.0,0.0
57228.6385,57228.6385,57081.705,0,57121.12,2024-05-01T16:18:00Z,0.0,0.0
57145.95,57183.7935,57145.95,0,57183.7935,2024-05-01T16:19:00Z,0.0,0.0
57055.4505,57188.65,57055.4505,0,57188.65,2024-05-01T16:20:00Z,0.0,0.0
57155.329,57155.329,57096.09,0,57096.09,2024-05-01T16:21:00Z,0.0,0.0
57137.5445,57137.5445,57113.1635,0,57113.1635,2024-05-01T16:24:00Z,0.0,0.0
57328.124,57368.85,57184.98,0,57184.98,2024-05-01T16:25:00Z,0.0,0.0
57369.36,57393.5565,57366.4455,0,57366.4455,2024-05-01T16:26:00Z,0.0,0.0
57311.875,57333.9525,57311.875,0,57333.9525,2024-05-01T16:27:00Z,0.0,0.0
57385.95,57385.95,57297.5,0,57331.55,2024-05-01T16:28:00Z,0.0,0.0
57364.1735,57364.1735,57364.1735,0,57364.1735,2024-05-01T16:29:00Z,0.0,0.0
57390.8505,57390.8505,57390.8505,0,57390.8505,2024-05-01T16:30:00Z,0.0,0.0
57364.65,57418.95,57364.65,0,57418.95,2024-05-01T16:31:00Z,0.0,0.0
57297.445,57328.805,57297.445,0,57328.805,2024-05-01T16:32:00Z,0.0,0.0
57345.21,57345.21,57261.73,0,57261.73,2024-05-01T16:33:00Z,0.0,0.0
57210.94,57322.11,57210.94,0,57322.11,2024-05-01T16:34:00Z,0.0,0.0
57166.915,57190.3495,57157.1,0,57171.7335,2024-05-01T16:35:00Z,0.0,0.0
57246.72,57246.72,57157.0745,0,57157.0745,2024-05-01T16:36:00Z,0.0,0.0
57214.718,57214.718,57214.718,0,57214.718,2024-05-01T16:37:00Z,0.0,0.0
57206.985,57232.7295,57206.985,0,57232.7295,2024-05-01T16:38:00Z,0.0,0.0
57114.285,57175.9,57114.285,0,57175.9,2024-05-01T16:39:00Z,0.0,0.0
57092.9095,57150.835,57092.9095,0,57150.835,2024-05-01T16:40:00Z,0.0,0.0
57036.7215,57054.5,57036.7215,0,57054.5,2024-05-01T16:41:00Z,0.0,0.0
56997.285,56997.285,56956.669,0,56993.991,2024-05-01T16:42:00Z,0.0,0.0
57055.05,57055.05,57028.777,0,57028.777,2024-05-01T16:43:00Z,0.0,0.0
57005.72,57007.565,57005.72,0,57007.565,2024-05-01T16:44:00Z,0.0,0.0
57025.2035,57025.2035,57025.2035,0,57025.2035,2024-05-01T16:45:00Z,0.0,0.0
57022.8065,57022.8065,56994.024,0,56994.024,2024-05-01T16:46:00Z,0.0,0.0
56919.412,56990.67,56919.412,0,56990.67,2024-05-01T16:47:00Z,0.0,0.0
56982.6365,56982.6365,56945.837,0,56945.837,2024-05-01T16:48:00Z,0.0,0.0
57030.831,57030.831,57030.831,0,57030.831,2024-05-01T16:49:00Z,0.0,0.0
56988.2335,56988.2335,56988.2335,0,56988.2335,2024-05-01T16:50:00Z,0.0,0.0
56898.37,56953.26,56898.37,0,56953.26,2024-05-01T16:51:00Z,0.0,0.0
56954.15,56954.15,56917.945,0,56917.945,2024-05-01T16:52:00Z,0.0,0.0
57012.911,57012.911,56985.475,0,56985.475,2024-05-01T16:53:00Z,0.0,0.0
56985.7985,56985.7985,56985.7985,0,56985.7985,2024-05-01T16:54:00Z,0.0,0.0
57017.2275,57017.2275,57017.2275,0,57017.2275,2024-05-01T16:55:00Z,0.0,0.0
57046.11,57071.4,57044.05,0,57044.05,2024-05-01T16:56:00Z,0.0,0.0
57042.95,57064.537,57042.95,0,57064.537,2024-05-01T16:58:00Z,0.0,0.0
57003.65,57009.605,56982.271,0,57009.605,2024-05-01T16:59:00Z,0.0,0.0
56984.025,56984.025,56984.025,0,56984.025,2024-05-01T17:00:00Z,0.0,0.0
57069.5455,57069.5455,56999.524,0,56999.524,2024-05-01T17:01:00Z,0.0,0.0
57095.27,57126.611,57095.27,0,57106.3995,2024-05-01T17:02:00Z,0.0,0.0
57074.066,57074.066,57074.066,0,57074.066,2024-05-01T17:03:00Z,0.0,0.0
57018.93,57049.775,57018.93,0,57049.775,2024-05-01T17:04:00Z,0.0,0.0
56966.1,56996.092,56966.1,0,56996.092,2024-05-01T17:06:00Z,0.0,0.0
57015.845,57015.845,56980.45,0,56980.45,2024-05-01T17:07:00Z,0.0,0.0
56973.19,56973.19,56973.19,0,56973.19,2024-05-01T17:09:00Z,0.0,0.0
56875.832,56947.883,56875.832,0,56947.883,2024-05-01T17:10:00Z,0.0,0.0
56835.2815,56850.8215,56835.2815,0,56850.8215,2024-05-01T17:11:00Z,0.0,0.0
56864.555,56864.555,56796.3045,0,56796.3045,2024-05-01T17:12:00Z,0.0,0.0
56783.4435,56831.1565,56783.4435,0,56831.1565,2024-05-01T17:13:00Z,0.0,0.0
56776.855,56788.825,56769.85,0,56769.85,2024-05-01T17:14:00Z,0.0,0.0
56694.911,56741.1815,56626.105,0,56741.1815,2024-05-01T17:15:00Z,0.0,0.0
56868.23,56868.23,56659.424,0,56659.424,2024-05-01T17:16:00Z,0.0,0.0
56884.6705,56909.2495,56834.985,0,56834.985,2024-05-01T17:17:00Z,0.0,0.0
56851.375,56851.375,56851.375,0,56851.375,2024-05-01T17:18:00Z,0.0,0.0
56865.65,56865.65,56817.153,0,56817.153,2024-05-01T17:19:00Z,0.0,0.0
56900.855,56925.2,56897.335,0,56897.335,2024-05-01T17:20:00Z,0.0,0.0
56886.877,56913.395,56865.3165,0,56913.395,2024-05-01T17:21:00Z,0.0,0.0
56989.5,56989.5,56933.885,0,56933.885,2024-05-01T17:22:00Z,0.0,0.0
57022.505,57022.505,57022.505,0,57022.505,2024-05-01T17:23:00Z,0.0,0.0
57049.6205,57049.6205,57049.6205,0,57049.6205,2024-05-01T17:24:00Z,0.0,0.0
57068.95,57074.4,57044.4515,0,57074.4,2024-05-01T17:25:00Z,0.0,0.0
57077.83,57121.58,57077.83,0,57121.58,2024-05-01T17:26:00Z,0.0,0.0
57162.98,57217.8045,57124.52,0,57124.52,2024-05-01T17:27:00Z,0.0,0.0
57197.8245,57197.8245,57197.8245,0,57197.8245,2024-05-01T17:28:00Z,0.0,0.0
57184.766,57229.95,57184.766,0,57229.95,2024-05-01T17:29:00Z,0.0,0.0
57226.965,57226.965,57226.965,0,57226.965,2024-05-01T17:30:00Z,0.0,0.0
57155.88,57195.075,57155.88,0,57195.075,2024-05-01T17:31:00Z,0.0,0.0
57217.762,57217.762,57184.2,0,57184.2,2024-05-01T17:32:00Z,0.0,0.0
57246.25,57246.25,57246.25,0,57246.25,2024-05-01T17:33:00Z,0.0,0.0
57248.7905,57300.893,57248.7905,0,57281.065,2024-05-01T17:34:00Z,0.0,0.0
57254.775,57295.11,57254.775,0,57295.11,2024-05-01T17:35:00Z,0.0,0.0
57272.501,57322.766,57272.2745,0,57272.2745,2024-05-01T17:37:00Z,0.0,0.0
57270.35,57270.35,57234.0535,0,57234.0535,2024-05-01T17:38:00Z,0.0,0.0
57168.3235,57234.88,57168.3235,0,57234.88,2024-05-01T17:39:00Z,0.0,0.0
57214.6395,57214.6395,57214.6395,0,57214.6395,2024-05-01T17:40:00Z,0.0,0.0
57235.422,57235.422,57177.6,0,57177.6,2024-05-01T17:41:00Z,0.0,0.0
57213.345,57256.41,57213.345,0,57256.41,2024-05-01T17:42:00Z,0.0,0.0
57234.2415,57234.2415,57167.97,0,57167.97,2024-05-01T17:45:00Z,0.0,0.0
57269.66,57302.7135,57269.66,0,57272.0,2024-05-01T17:46:00Z,0.0,0.0
57295.05,57295.05,57295.05,0,57295.05,2024-05-01T17:48:00Z,0.0,0.0
57380.9635,57380.9635,57326.325,0,57326.325,2024-05-01T17:51:00Z,0.0,0.0
57573.85,57677.9585,57419.16,0,57419.16,2024-05-01T17:52:00Z,0.0,0.0
57556.8585,57644.4225,57556.8585,0,57621.6495,2024-05-01T17:53:00Z,0.0,0.0
57577.453,57629.37,57577.453,0,57589.96,2024-05-01T17:54:00Z,0.0,0.0
57555.958,57656.673,57555.958,0,57616.2,2024-05-01T17:55:00Z,0.0,0.0
57504.6,57530.075,57504.6,0,57530.075,2024-05-01T17:56:00Z,0.0,0.0
57492.3265,57533.351,57479.4,0,57533.351,2024-05-01T17:57:00Z,0.0,0.0
57458.806,57509.8915,57458.806,0,57509.8915,2024-05-01T17:59:00Z,0.0,0.0
57508.026,57575.555,57350.543,0,57416.1295,2024-05-01T18:00:00Z,0.0,0.0
57487.868,57601.2885,57487.868,0,57532.05,2024-05-01T18:01:00Z,0.0,0.0
57765.4815,57765.4815,57506.93,0,57506.93,2024-05-01T18:02:00Z,0.0,0.0
57842.1,57869.274,57796.183,0,57807.315,2024-05-01T18:03:00Z,0.0,0.0
58088.635,58088.635,57800.835,0,57807.95,2024-05-01T18:04:00Z,0.0,0.0
57890.43,58144.802,57890.43,0,58038.115,2024-05-01T18:05:00Z,0.0,0.0
58052.504,58136.2025,57797.348,0,57846.15,2024-05-01T18:06:00Z,0.0,0.0
58034.455,58141.163,57979.0,0,58028.2765,2024-05-01T18:07:00Z,0.0,0.0
58097.805,58120.989,57960.445,0,57999.98,2024-05-01T18:08:00Z,0.0,0.0
58028.4065,58142.36,58028.4065,0,58060.4535,2024-05-01T18:09:00Z,0.0,0.0
57873.99,58066.8,57873.99,0,58066.8,2024-05-01T18:10:00Z,0.0,0.0
57800.0215,57954.6265,57800.0215,0,57911.876,2024-05-01T18:11:00Z,0.0,0.0
57865.2,57865.6,57783.515,0,57842.605,2024-05-01T18:12:00Z,0.0,0.0
57904.844,57940.265,57852.756,0,57897.476,2024-05-01T18:13:00Z,0.0,0.0
57880.59,57962.755,57880.59,0,57932.49,2024-05-01T18:14:00Z,0.0,0.0
57939.4335,57968.941,57865.016,0,57865.016,2024-05-01T18:15:00Z,0.0,0.0
57898.7315,57956.745,57898.7315,0,57921.2345,2024-05-01T18:16:00Z,0.0,0.0
57720.494,57864.295,57720.494,0,57864.295,2024-05-01T18:17:00Z,0.0,0.0
57677.805,57718.466,57661.675,0,57698.884,2024-05-01T18:18:00Z,0.0,0.0
57654.8075,57725.9,57654.8075,0,57694.645,2024-05-01T18:19:00Z,0.0,0.0
57663.7,57702.655,57663.7,0,57689.227,2024-05-01T18:20:00Z,0.0,0.0
57708.985,57716.209,57684.99,0,57716.209,2024-05-01T18:21:00Z,0.0,0.0
57595.34,57676.3125,57595.34,0,57676.3125,2024-05-01T18:22:00Z,0.0,0.0
57697.0145,57697.0145,57559.1925,0,57559.1925,2024-05-01T18:23:00Z,0.0,0.0
57686.952,57686.952,57679.365,0,57679.365,2024-05-01T18:24:00Z,0.0,0.0
57793.554,57793.554,57698.5285,0,57735.588,2024-05-01T18:25:00Z,0.0,0.0
57938.5515,57938.5515,57828.58,0,57828.58,2024-05-01T18:26:00Z,0.0,0.0
58006.835,58029.145,57950.105,0,57963.765,2024-05-01T18:27:00Z,0.0,0.0
58028.795,58036.555,57943.385,0,58036.555,2024-05-01T18:28:00Z,0.0,0.0
58032.88,58097.74,58032.88,0,58040.373,2024-05-01T18:29:00Z,0.0,0.0
57932.98,57988.085,57929.0935,0,57977.43,2024-05-01T18:30:00Z,0.0,0.0
57743.334,57907.359,57743.334,0,57907.359,2024-05-01T18:31:00Z,0.0,0.0
57866.896,57866.896,57693.2385,0,57761.725,2024-05-01T18:32:00Z,0.0,0.0
58047.905,58047.905,57823.994,0,57845.085,2024-05-01T18:33:00Z,0.0,0.0
58371.1095,58371.1095,58093.271,0,58093.271,2024-05-01T18:34:00Z,0.0,0.0
58187.67,58405.585,58147.2625,0,58405.585,2024-05-01T18:35:00Z,0.0,0.0
58305.44,58331.2915,58138.675,0,58138.675,2024-05-01T18:36:00Z,0.0,0.0
58169.445,58308.133,58152.73,0,58284.505,2024-05-01T18:37:00Z,0.0,0.0
58261.9105,58358.833,58185.491,0,58185.491,2024-05-01T18:38:00Z,0.0,0.0
58443.305,58466.995,58298.161,0,58298.161,2024-05-01T18:39:00Z,0.0,0.0
58519.415,58535.4235,58382.05,0,58408.1,2024-05-01T18:40:00Z,0.0,0.0
58536.745,58536.745,58479.261,0,58479.261,2024-05-01T18:41:00Z,0.0,0.0
58613.33,58613.33,58567.2395,0,58576.517,2024-05-01T18:42:00Z,0.0,0.0
58617.985,58652.6655,58572.1535,0,58652.6655,2024-05-01T18:43:00Z,0.0,0.0
58694.29,58726.95,58636.9,0,58636.9,2024-05-01T18:44:00Z,0.0,0.0
58545.24,58668.892,58545.24,0,58668.892,2024-05-01T18:45:00Z,0.0,0.0
58597.507,58692.68,58589.101,0,58589.101,2024-05-01T18:46:00Z,0.0,0.0
58715.65,58715.65,58507.942,0,58534.3995,2024-05-01T18:47:00Z,0.0,0.0
58716.7805,58813.965,58716.7805,0,58755.4525,2024-05-01T18:48:00Z,0.0,0.0
58674.173,58751.2955,58674.173,0,58751.2955,2024-05-01T18:49:00Z,0.0,0.0
58979.2485,58979.2485,58703.35,0,58703.35,2024-05-01T18:50:00Z,0.0,0.0
59089.735,59089.735,58974.007,0,59009.6095,2024-05-01T18:51:00Z,0.0,0.0
59332.921,59347.0975,59055.161,0,59055.161,2024-05-01T18:52:00Z,0.0,0.0
59344.7385,59404.49,59246.478,0,59394.7145,2024-05-01T18:53:00Z,0.0,0.0
59465.2235,59465.2235,59257.3345,0,59305.575,2024-05-01T18:54:00Z,0.0,0.0
59294.44,59441.43,59294.44,0,59426.5245,2024-05-01T18:55:00Z,0.0,0.0
59377.496,59377.496,59248.63,0,59315.97,2024-05-01T18:56:00Z,0.0,0.0
59287.4025,59388.2485,59268.2255,0,59348.94,2024-05-01T18:57:00Z,0.0,0.0
59091.0015,59246.085,59091.0015,0,59246.085,2024-05-01T18:58:00Z,0.0,0.0
58890.22,59059.222,58830.826,0,59059.222,2024-05-01T18:59:00Z,0.0,0.0
59169.423,59203.8795,58907.259,0,58907.259,2024-05-01T19:00:00Z,0.0,0.0
59169.898,59256.5535,59127.682,0,59210.2925,2024-05-01T19:01:00Z,0.0,0.0
58968.9585,59191.08,58920.5465,0,59191.08,2024-05-01T19:02:00Z,0.0,0.0
58879.0,58949.866,58879.0,0,58909.6,2024-05-01T19:03:00Z,0.0,0.0
58854.331,58949.1,58840.778,0,58904.795,2024-05-01T19:04:00Z,0.0,0.0
58872.145,58902.034,58766.2165,0,58819.833,2024-05-01T19:05:00Z,0.0,0.0
58745.72,58888.9965,58745.72,0,58846.0085,2024-05-01T19:06:00Z,0.0,0.0
58737.4775,58790.65,58692.425,0,58725.38,2024-05-01T19:07:00Z,0.0,0.0
58844.45,58871.151,58658.737,0,58696.975,2024-05-01T19:08:00Z,0.0,0.0
58749.0185,58803.52,58734.33,0,58803.52,2024-05-01T19:09:00Z,0.0,0.0
58725.678,58764.9,58691.758,0,58715.925,2024-05-01T19:10:00Z,0.0,0.0
58625.775,58755.955,58610.921,0,58755.955,2024-05-01T19:11:00Z,0.0,0.0
58640.519,58640.519,58562.437,0,58602.8245,2024-05-01T19:12:00Z,0.0,0.0
58678.532,58678.532,58552.595,0,58591.43,2024-05-01T19:13:00Z,0.0,0.0
58584.5755,58646.465,58584.5755,0,58637.123,2024-05-01T19:14:00Z,0.0,0.0
58404.0075,58544.55,58363.6905,0,58544.55,2024-05-01T19:15:00Z,0.0,0.0
58467.205,58467.205,58419.901,0,58419.901,2024-05-01T19:16:00Z,0.0,0.0
58507.7915,58507.7915,58507.7915,0,58507.7915,2024-05-01T19:17:00Z,0.0,0.0
58559.99,58559.99,58500.965,0,58520.397,2024-05-01T19:18:00Z,0.0,0.0
58466.655,58521.294,58466.655,0,58521.294,2024-05-01T19:19:00Z,0.0,0.0
58344.556,58438.35,58287.3585,0,58438.35,2024-05-01T19:20:00Z,0.0,0.0
58257.464,58369.562,58257.464,0,58369.562,2024-05-01T19:21:00Z,0.0,0.0
58156.081,58218.9,58104.426,0,58218.9,2024-05-01T19:22:00Z,0.0,0.0
58324.752,58324.752,58125.553,0,58125.553,2024-05-01T19:23:00Z,0.0,0.0
58334.52,58387.2055,58334.52,0,58363.21,2024-05-01T19:24:00Z,0.0,0.0
58351.16,58351.16,58262.93,0,58306.134,2024-05-01T19:25:00Z,0.0,0.0
58345.7145,58396.75,58345.7145,0,58396.75,2024-05-01T19:26:00Z,0.0,0.0
58140.075,58331.2945,58140.075,0,58331.2945,2024-05-01T19:27:00Z,0.0,0.0
58137.7925,58196.9105,58137.7925,0,58161.745,2024-05-01T19:28:00Z,0.0,0.0
58039.525,58103.165,58034.3965,0,58103.165,2024-05-01T19:29:00Z,0.0,0.0
57883.05,58012.4,57883.05,0,58005.682,2024-05-01T19:30:00Z,0.0,0.0
57702.421,57916.4,57702.421,0,57916.4,2024-05-01T19:31:00Z,0.0,0.0
57673.05,57693.0105,57638.834,0,57660.933,2024-05-01T19:32:00Z,0.0,0.0
57547.539,57730.71,57547.539,0,57701.9885,2024-05-01T19:33:00Z,0.0,0.0
57211.425,57507.32,57048.475,0,57507.32,2024-05-01T19:34:00Z,0.0,0.0
57255.4335,57347.82,57029.32,0,57186.2245,2024-05-01T19:35:00Z,0.0,0.0
57241.694,57382.764,57184.8015,0,57232.43,2024-05-01T19:36:00Z,0.0,0.0
57312.17,57348.705,57226.0,0,57279.815,2024-05-01T19:37:00Z,0.0,0.0
57324.515,57332.131,57189.0445,0,57285.095,2024-05-01T19:38:00Z,0.0,0.0
57244.008,57284.222,57106.5235,0,57273.815,2024-05-01T19:39:00Z,0.0,0.0
57328.6,57328.6,57142.9255,0,57209.8645,2024-05-01T19:40:00Z,0.0,0.0
57292.35,57349.9605,57280.8105,0,57293.829,2024-05-01T19:41:00Z,0.0,0.0
57296.45,57326.8575,57235.815,0,57251.838,2024-05-01T19:42:00Z,0.0,0.0
57333.9475,57335.81,57308.9715,0,57335.81,2024-05-01T19:43:00Z,0.0,0.0
57514.4,57552.7595,57359.717,0,57359.717,2024-05-01T19:44:00Z,0.0,0.0
57559.209,57575.339,57484.1855,0,57484.1855,2024-05-01T19:45:00Z,0.0,0.0
57655.3805,57655.3805,57582.1115,0,57582.1115,2024-05-01T19:46:00Z,0.0,0.0
57459.875,57613.17,57459.875,0,57613.17,2024-05-01T19:47:00Z,0.0,0.0
57361.8405,57442.665,57356.3485,0,57442.665,2024-05-01T19:48:00Z,0.0,0.0
57441.247,57441.247,57398.665,0,57398.665,2024-05-01T19:49:00Z,0.0,0.0
57286.115,57415.94,57264.03,0,57415.94,2024-05-01T19:50:00Z,0.0,0.0
57232.19,57310.92,57190.615,0,57310.92,2024-05-01T19:51:00Z,0.0,0.0
57283.314,57283.314,57177.1,0,57188.8,2024-05-01T19:52:00Z,0.0,0.0
57310.706,57346.6175,57310.706,0,57320.384,2024-05-01T19:53:00Z,0.0,0.0
57278.415,57330.6885,57278.415,0,57330.6885,2024-05-01T19:54:00Z,0.0,0.0
57258.02,57258.02,57180.205,0,57241.972,2024-05-01T19:55:00Z,0.0,0.0
57156.315,57264.734,57156.315,0,57243.5695,2024-05-01T19:56:00Z,0.0,0.0
56965.76,57137.95,56932.285,0,57137.95,2024-05-01T19:57:00Z,0.0,0.0
56940.729,57017.5,56904.139,0,57017.5,2024-05-01T19:58:00Z,0.0,0.0
56968.4945,57132.9055,56963.085,0,56963.085,2024-05-01T19:59:00Z,0.0,0.0
57146.135,57146.135,56987.1825,0,56987.1825,2024-05-01T20:00:00Z,0.0,0.0
57169.58,57169.58,57109.16,0,57110.2515,2024-05-01T20:01:00Z,0.0,0.0
57172.3815,57190.5285,57138.427,0,57190.5285,2024-05-01T20:02:00Z,0.0,0.0
57127.685,57199.5065,57127.685,0,57199.5065,2024-05-01T20:03:00Z,0.0,0.0
57096.7,57099.56,57028.8415,0,57099.56,2024-05-01T20:04:00Z,0.0,0.0
57058.205,57058.205,57058.205,0,57058.205,2024-05-01T20:05:00Z,0.0,0.0
57123.1005,57124.6715,57105.5775,0,57105.96,2024-05-01T20:06:00Z,0.0,0.0
